Q,A
 요소 등을 포함하고 있다, 요소 등을 포함하고 있습니다
대한 질문을 스스로 던져야 한다고 주장한다,대한 질문을 스스로 던져야 한다고 주장합니다
해야 한다는 주장도 있다,해야 한다는 주장도 있습니다
주어진 경우이다,주어진 경우입니다
 있다, 있습니다
 세 개가 있다, 세 개가 있습니다
가 자살의도를 품고 있었다,가 자살의도를 품고 있었습니다
 발견했다, 발견했습니다
3월 초 사이에 모두 전사하였다,3월 초 사이에 모두 전사하였습니다
여한다,여합니다
체를 특정하는 것부터가 용이하지 않다,체를 특정하는 것부터가 용이하지 않습니다
여 명이 필요하기 때문이다,여 명이 필요하기 때문입니다
구의 결과 해석에 있어 주의를 해야한다,구의 결과 해석에 있어 주의를 해야합니다
바로크 리피에노 협주곡 유형으로 볼 수 있다,바로크 리피에노 협주곡 유형으로 볼 수 있습니다
 말라는 것이 선생의 지론이었다, 말라는 것이 선생의 지론이었습니다
국민 포털을 통해서 국민제안을 접수하고 있다,국민 포털을 통해서 국민제안을 접수하고 있습니다
 사람에게 더 쉽게 공감하도록 만든다, 사람에게 더 쉽게 공감하도록 만듭니다
결단할 기회가 있었다,결단할 기회가 있었습니다
하지 못한다,하지 못합니다
법에 규정된 순서대로 정리하면 다음과 같다,법에 규정된 순서대로 정리하면 다음과 같습니다
 행동 이들을 향해 조롱과 조소가 쏟아진다, 행동 이들을 향해 조롱과 조소가 쏟아집니다
대한 정서적 이미지를 제고시킬 수 있다,대한 정서적 이미지를 제고시킬 수 있습니다
중심으로 비교하여 고찰해 보고자 한다,중심으로 비교하여 고찰해 보고자 합니다
 명창 중 한사람으로 알려져 있다, 명창 중 한사람으로 알려져 있습니다
요한 경쟁법적 쟁점을 야기하기도 한다,요한 경쟁법적 쟁점을 야기하기도 합니다
고시 난이도가 쉬운 것으로 인식하고 있었다,고시 난이도가 쉬운 것으로 인식하고 있었습니다
히 검토한다,히 검토합니다
다,습니다
하나가 교원일 것이다,하나가 교원일 것입니다
여 피해자가 설치한 장소에서 이루어지고 있다,여 피해자가 설치한 장소에서 이루어지고 있습니다
을 지적하면서 이 글을 끝맺을 것이다,을 지적하면서 이 글을 끝맺을 것입니다
대표적이다,대표적입니다
주가 소외로 기재되어있다,주가 소외로 기재되어있습니다
 이후의 로그가격은 다음과 같다, 이후의 로그가격은 다음과 같습니다
 두었다, 두었습니다
범위는 반드시 명확히 확정해야 한다고 했다,범위는 반드시 명확히 확정해야 한다고 했습니다
화할 수 있다,화할 수 있습니다
에 정의 영향을 미친다,에 정의 영향을 미칩니다
이라는 것이다,이라는 것입니다
 실현되기 전 교육적 담론화 된다, 실현되기 전 교육적 담론화 됩니다
신용 갭이 장기간 경보단계에 있다,신용 갭이 장기간 경보단계에 있습니다
 일반적으로는 다른 증거에 비교하고 있다, 일반적으로는 다른 증거에 비교하고 있습니다
친권에 근거를 두고 있다,친권에 근거를 두고 있습니다
전제되는 것이다,전제되는 것입니다
는 범위 내에서 매년 조정되고 있다,는 범위 내에서 매년 조정되고 있습니다
인다,입니다
될 수 있을 터다,될 수 있을 터입니다
년원 송치가 줄어들고 있다는 것이다,년원 송치가 줄어들고 있다는 것입니다
개에서 찾아져야 한다,개에서 찾아져야 합니다
촉진할 것이라는 AAA의 주장과 일치한다,촉진할 것이라는 AAA의 주장과 일치합니다
 수 있는 자유를 의미한다고 하였다, 수 있는 자유를 의미한다고 하였습니다
하고 측정하였다,하고 측정하였습니다
음 요소들을 고려해야 한다,음 요소들을 고려해야 합니다
는 과정이 달랐다는 점이다,는 과정이 달랐다는 점입니다
 위해 종종 시그마 기호를 사용한다, 위해 종종 시그마 기호를 사용합니다
할 수 있는 기회였다,할 수 있는 기회였습니다
 발전된 것은 문화오락시장의 발전이었다, 발전된 것은 문화오락시장의 발전이었습니다
로 가입이 의무화되어 있다,로 가입이 의무화되어 있습니다
는 하지 못했다,는 하지 못했습니다
대한 광고는 쉽게 찾아보기 어렵다,대한 광고는 쉽게 찾아보기 어렵습니다
성되지 않는다,성되지 않습니다
하는 그레샴의 법칙이 성립한다,하는 그레샴의 법칙이 성립합니다
 위험 때문에 주저할 수 있다, 위험 때문에 주저할 수 있습니다
 나타난다, 나타났습니다
 알려져 있다, 알려져 있습니다
하는데 결정적인 조력을 한다,하는데 결정적인 조력을 합니다
백년지대계라고 한다,백년지대계라고 합니다
 수 있다, 수 있습니다
현상 해결해야 할 문제 등에 관한 것이다,현상 해결해야 할 문제 등에 관한 것입니다
 면에서 구성 형식상 복합과 같은 것이다, 면에서 구성 형식상 복합과 같은 것입니다
표 1에 나타난 것과 같다,표 1에 나타난 것과 같습니다
서 작용하는 강 력이다,서 작용하는 강 력입니다
은 다음과 같은 것이었다,은 다음과 같은 것이었습니다
 발견된 국제법이다, 발견된 국제법입니다
대한 의문이 발생한다,대한 의문이 발생합니다
불과하다,불과합니다
잡성과 이질성에 기인한다,잡성과 이질성에 기인합니다
 재산의 분할을 명하여야 했다, 재산의 분할을 명하여야 했습니다
쉽게 기각된다,쉽게 기각됩니다
자리 정책은 한계를 가질 수밖에 없었다,자리 정책은 한계를 가질 수밖에 없었습니다
 때문에 공정한 알고리즘을 신뢰한다, 때문에 공정한 알고리즘을 신뢰합니다
 판각 판화에서 이미 등장하고 있는 것이다, 판각 판화에서 이미 등장하고 있는 것입니다
는데 그 구체적인 이유는 아래와 같다,는데 그 구체적인 이유는 아래와 같습니다
학력 그룹의 고용이 연평균 13 증가한다,학력 그룹의 고용이 연평균 13 증가합니다
사람들의 생각이나 언어에 대해서는 무관심했다,사람들의 생각이나 언어에 대해서는 무관심했습니다
직진성과 두 직선의 평행성이 그대로 유지된다,직진성과 두 직선의 평행성이 그대로 유지됩니다
 특정 계파의 주장은 아닐 것이다, 특정 계파의 주장은 아닐 것입니다
육이 이루어졌으면 한다,육이 이루어졌으면 합니다
에도 여러 가지가 있다,에도 여러 가지가 있습니다
을 거머쥐기 위해 노력하였다, 거머쥐기 위해 노력하였습니다
 막을 수 있다, 막을 수 있습니다
 그대로 레인의 거실 위로 떨어져 내린다, 그대로 레인의 거실 위로 떨어져 내립니다
을 시키기 위해서는 수량 환산이 필요하다,을 시키기 위해서는 수량 환산이 필요합니다
이 넘치고 있다,이 넘치고 있습니다
매우 관련이 많다,매우 관련이 많습니다
시인 1762년경 조성이 확실하다,시인 1762년경 조성이 확실합니다
는 것은 불합리한다,는 것은 불합리합니다
음의 상태에 이르는 것은 사실상 불가능하다,음의 상태에 이르는 것은 사실상 불가능합니다
보다 작게 보고하고 있다,보다 작게 보고하고 있습니다
시지에 메시지 번호를 포함한다,시지에 메시지 번호를 포함합니다
 위한 규칙을 일컫는다고 할 수 있다, 위한 규칙을 일컫는다고 할 수 있습니다
 고려해 볼 수 있다, 고려해 볼 수 있습니다
간 형상과 가면은 정면성을 가지고 있다,간 형상과 가면은 정면성을 가지고 있습니다
는 성격 문제에서 시작된 경로이다,는 성격 문제에서 시작된 경로입니다
 주관적 정당화 요소 불요설이 등장한 것이다, 주관적 정당화 요소 불요설이 등장한 것입니다
에서 화재 보험이 발전하는 시발점이 되었다,에서 화재 보험이 발전하는 시발점이 되었습니다
해지고 있다는 방증일 터이다,해지고 있다는 방증일 터입니다
 변경된 후속 조치였다, 변경된 후속 조치였습니다
원금 손실이 가능하다,원금 손실이 가능합니다
승은 기대하기 어렵기 때문이다,승은 기대하기 어렵기 때문입니다
안한다,안합니다
 찾으려고 노력할 것이다, 찾으려고 노력할 것입니다
인을 활용한 바이오 잉크를 개발했다,인을 활용한 바이오 잉크를 개발했습니다
산세라고 불리는 부유세가 있기 때문이다,산세라고 불리는 부유세가 있기 때문입니다
리의 세외수입의 발전 방향을 찾을 수 있다,리의 세외수입의 발전 방향을 찾을 수 있습니다
얻은 것이 과연 진정한 자유인가,얻은 것이 과연 진정한 자유인가
에는 아무도 없었다,에는 아무도 없었습니다
전 및 정체성 형성의 핵심 요소로 인식한다,전 및 정체성 형성의 핵심 요소로 인식합니다
기관의 참여 의지는 상대적으로 높았다,기관의 참여 의지는 상대적으로 높았습니다
 설명을 생략한다, 설명을 생략합니다
간접으로 참가할 수 있도록 허용하고 있다,간접으로 참가할 수 있도록 허용하고 있습니다
다,습니다
을 간략하게 소개하였다,을 간략하게 소개하였습니다
은 중요하다,은 중요합니다
었다는 생각이 잘못되었음을 보여준다,었습니다는 생각이 잘못되었음을 보여줍니다
가 수익자인 경우에 조정권한의 행사를 금한다,가 수익자인 경우에 조정권한의 행사를 금합니다
국도 예외가 아니다,국도 예외가 아닙니다
작용하고 있다,작용하고 있습니다
로 나타났다,로 나타났습니다
대사업에 소요된 필요경비는 공제할 수 있다,대사업에 소요된 필요경비는 공제할 수 있습니다
리랑적 의미를 가진다,리랑적 의미를 가집니다
무용시장이 도출되었다,무용시장이 도출되었습니다
 뚜렷이 나타나고 있다, 뚜렷이 나타나고 있습니다
비 슬러지를 사용할 수 있다,비 슬러지를 사용할 수 있습니다
 비예측성을 심화시키기도 한다, 비예측성을 심화시키기도 합니다
킬로그램이라는 뜻이다,킬로그램이라는 뜻입니다
규정을 둘 수 있을 것이다,규정을 둘 수 있을 것입니다
의 수는 소수이다,의 수는 소수입니다
적 틀을 제공하고 있다,적 틀을 제공하고 있습니다
부 세액공제 규정에 의해 이루어지고 있다,부 세액공제 규정에 의해 이루어지고 있습니다
가설과 함께 시작된다,가설과 함께 시작됩니다
않는다는 것이다,않는다는 것입니다
 모두 고려한다, 모두 고려합니다
관점과 사회 비교적 관점에서 이해할 수 있다,관점과 사회 비교적 관점에서 이해할 수 있습니다
 것이 있는 가에 대해서 살펴보고자 한다, 것이 있는 가에 대해서 살펴보고자 합니다
 모방한 모티브가 곳곳에 사용된 모습이다, 모방한 모티브가 곳곳에 사용된 모습입니다
사용해서 제거했다,사용해서 제거했습니다
데 적합한 연구방법론이다,데 적합한 연구방법론입니다
으로 구분하여 지정하고 있다,으로 구분하여 지정하고 있습니다
 탔다, 탔습니다
다,습니다
및 참여관찰 내용은 아래와 같다,및 참여관찰 내용은 아래와 같습니다
 없는 사랑에 대한 간절함을 담고 있다, 없는 사랑에 대한 간절함을 담고 있습니다
는 전문적인 통증치료와 증상치료를 희망한다,는 전문적인 통증치료와 증상치료를 희망합니다
의 대명사가 되었다,의 대명사가 되었습니다
를 차지하는 것으로 나타나 있다,를 차지하는 것으로 나타나 있습니다
 더 복잡하다, 더 복잡합니다
정답이 없다,정답이 없습니다
 충분히 뒷받침할 수 없다, 충분히 뒷받침할 수 없습니다
우에도 표절의 대상이 될 수 있다,우에도 표절의 대상이 될 수 있습니다
 장치이다, 장치입니다
 최대주의적 민주주의를 추구하는 것이다, 최대주의적 민주주의를 추구하는 것입니다
의 옷에 축원하고 가족에게 돌려준다,의 옷에 축원하고 가족에게 돌려줍니다
계로 나누는 설명이 일반적이다,계로 나누는 설명이 일반적입니다
료비 처방조제비는 별도로 계산된다,료비 처방조제비는 별도로 계산됩니다
작업이 필요한 분야 하나가 기상 예측이다,작업이 필요한 분야 하나가 기상 예측입니다
다는 사실이다,다는 사실입니다
명확히 제시되어야 한다,명확히 제시되어야 합니다
는 문제점이 있다,는 문제점이 있습니다
정된 토지를 일컫는 것이다,정된 토지를 일컫는 것입니다
을 미치지 않는 것으로 나타나 기각되었다,을 미치지 않는 것으로 나타나 기각되었습니다
 즉시 물건의 외적 모습으로 변화된다, 즉시 물건의 외적 모습으로 변화됩니다
위반에 대한 제재가 필요하다,위반에 대한 제재가 필요합니다
 수준의 국가 교육과정 분석이 이루어졌다, 수준의 국가 교육과정 분석이 이루어졌습니다
표와도 깊은 관련성이 있다,표와도 깊은 관련성이 있습니다
 폭을 심화하고자 노력하였다, 폭을 심화하고자 노력하였습니다
입게 된다,입게 됩니다
계 내용을 포함하고 있다,계 내용을 포함하고 있습니다
인력 제공을 바탕으로 꾸준하게 성장하고 있다,인력 제공을 바탕으로 꾸준하게 성장하고 있습니다
스러운 행동으로 인식하였다,스러운 행동으로 인식하였습니다
 인센티브를 부여하였다, 인센티브를 부여하였습니다
08년부터 시작이 되었다,08년부터 시작이 되었습니다
러났다,러났습니다
않는다,않습니다
로 표현해가는 사고 과정이라고 할 수 있다,로 표현해가는 사고 과정이라고 할 수 있습니다
청구권을 구별한다,청구권을 구별합니다
 큰 비중을 차지한다, 큰 비중을 차지합니다
으면서 그 한계와 대안 모색으로 이어진다,으면서 그 한계와 대안 모색으로 이어집니다
발표하는 것으로 워크숍을 마무리하였다,발표하는 것으로 워크숍을 마무리하였습니다
한 답을 찾는 공간이 될 것이다,한 답을 찾는 공간이 될 것입니다
,
지원을 강조하기 때문에 나타난 결과이다,지원을 강조하기 때문에 나타난 결과입니다
하는지에 관한 상세한 논의는 너무 기술적이다,하는지에 관한 상세한 논의는 너무 기술적입니다
발에 박차를 가하였다,발에 박차를 가하였습니다
 과제와 의무가 있다는 것을 규정하고 있다, 과제와 의무가 있다는 것을 규정하고 있습니다
 신뢰의 총체라고 주장하였다, 신뢰의 총체라고 주장하였습니다
름 속에서 확인할 수 있다,름 속에서 확인할 수 있습니다
 있고 받을 수도 있다, 있고 받을 수도 있습니다
에 의하여 가정법원이 이를 연장할 수 있다,에 의하여 가정법원이 이를 연장할 수 있습니다
임방법에 대한 규정은 없다,임방법에 대한 규정은 없습니다
착오가 있는 경우의 요건과 유사하다,착오가 있는 경우의 요건과 유사합니다
 기각하는 요인이 된다, 기각하는 요인이 됩니다
테이션을 활용하도록 하는가,테이션을 활용하도록 하는가
절반이 완전히 뒤덮인다,절반이 완전히 뒤덮입니다
수 있음을 의미한다,수 있음을 의미합니다
스프레드의 예측력이 커진 것으로 나타났다,스프레드의 예측력이 커진 것으로 나타났습니다
분기 연속 상승세를 보인다,분기 연속 상승세를 보입니다
질지 알지 못한다,질지 알지 못합니다
 점유하는 것을 뜻한다, 점유하는 것을 뜻합니다
의 상호 작용을 고려하였다,의 상호 작용을 고려하였습니다
어 도주하면 회사가 가로챘다,어 도주하면 회사가 가로챘입니다
나 조력자를 단기간에 찾기란 어려운 일이었다,나 조력자를 단기간에 찾기란 어려운 일이었습니다
 중국 러시아 특허도 출원했다, 중국 러시아 특허도 출원했습니다
하는 방법의 일환이다,하는 방법의 일환입니다
 문헌분석도 당연히 포함되었다, 문헌분석도 당연히 포함되었습니다
 1과 유사하다, 1과 유사합니다
 같은 불확실한 선 가정들을 전제한다, 같은 불확실한 선 가정들을 전제합니다
 2014년부터 의무화로 전환되었다, 2014년부터 의무화로 전환되었습니다
취직이 안 된다,취직이 안 됩니다
 풍부한 교사들에게도 해당된다, 풍부한 교사들에게도 해당됩니다
요소와 늘 함께 제시된다,요소와 늘 함께 제시됩니다
면 인수액의 5를 세액공제한다,면 인수액의 5를 세액공제합니다
할 수 있다,할 수 있습니다
만 그 시스템에 국한되지 않는다,만 그 시스템에 국한되지 않습니다
에 안보 유지를 내용으로 한다,에 안보 유지를 내용으로 합니다
처벌 및 처벌절차를 두고 있다,처벌 및 처벌절차를 두고 있습니다
 된다, 됩니다
,다
되는 분야라는 점에서 주목을 받았다,되는 분야라는 점에서 주목을 받았습니다
인 해를 찾을 것을 요구하지는 않는다,인 해를 찾을 것을 요구하지는 않습니다
나라는 이에 비해 48배 수준이다,나라는 이에 비해 48배 수준입니다
둘 중 올바른 방향을 오른손규칙으로 정한다,둘 중 올바른 방향을 오른손규칙으로 정합니다
의 승인을 거쳐야 한다,의 승인을 거쳐야 합니다
신경이 쓰이는 결과이다,신경이 쓰이는 결과입니다
많이 났다,많이 났습니다
가한다,가합니다
 수 있다, 수 있습니다
친다고 할 수 있다,친다고 할 수 있습니다
 대상으로 하는 행위라는 관점이 가능하였다, 대상으로 하는 행위라는 관점이 가능하였습니다
않지만 마침내 옳은 것으로 판명된다,않지만 마침내 옳은 것으로 판명됩니다
험에 대해 말해 줄 때만 쓸모가 있다,험에 대해 말해 줄 때만 쓸모가 있습니다
은 시간이 존재할 수 있다,은 시간이 존재할 수 있습니다
은 A가 될 것이다,은 A가 될 것입니다
 절약할 수 있다, 절약할 수 있습니다
도적 미비점을 재검토해 볼 필요가 있다,도적 미비점을 재검토해 볼 필요가 있습니다
지 호황을 유지하다,지 호황을 유지합니다
가 없었다,가 없었습니다
출하고 관광객을 유치하고 있다,출하고 관광객을 유치하고 있습니다
보는 시선도 있는 것 같다,보는 시선도 있는 것 같습니다
 초래할 수 있다는 단점이 있다, 초래할 수 있다는 단점이 있습니다
주어진 문제를 이해하는 것이 선행되어야 한다,주어진 문제를 이해하는 것이 선행되어야 합니다
 있다, 있습니다
사전달의 성패가 달라진다,사전달의 성패가 달라집니다
전시키고 있다,전시키고 있습니다
무용을 접하게 되었다,무용을 접하게 되었습니다
대표적인 성공사례로 알려져 있다,대표적인 성공사례로 알려져 있습니다
취소에 대한 판단을 받을 수없다,취소에 대한 판단을 받을 수없습니다
 집단과의 비교를 통해서 검증된다, 집단과의 비교를 통해서 검증됩니다
고 할 것이다,고 할 것입니다
로 간주하기에는 부족함이 있다,로 간주하기에는 부족함이 있습니다
지고 있는 것으로 나타났다,지고 있는 것으로 나타났습니다
관한 직접적 규정은 없는 것이다,관한 직접적 규정은 없는 것입니다
은 아니다,은 아닙니다
영하면서 자신만의 더늠을 창작하게 되었다,영하면서 자신만의 더늠을 창작하게 되었습니다
준으로 최대 60bp까지의 값을 갖는다,준으로 최대 60bp까지의 값을 갖습니다
도 서술될 수 있다,도 서술될 수 있습니다
 위해 GIS 공간정보시스템을 연계하였다, 위해 GIS 공간정보시스템을 연계하였습니다
 유한할 것이다, 유한할 것입니다
동일한 접근성을 가지는 경우이다,동일한 접근성을 가지는 경우입니다
 혁신을 위해서 노력한다, 혁신을 위해서 노력합니다
여 결론 ¬q를 얻는다,여 결론 ¬q를 얻습니다
감이 가장 높은 상관관계를 보여 주었다,감이 가장 높은 상관관계를 보여 주었습니다
슷한 평균값을 보였다,슷한 평균값을 보였습니다
능케 한다,능케 합니다
만 성립함을 의미한다,만 성립함을 의미합니다
 어떤 의미를 던져주는가, 어떤 의미를 던져주는가
조례로 조정할 수 없다,조례로 조정할 수 없습니다
년도 세입 예산안 조정이 병행되어야 했다,년도 세입 예산안 조정이 병행되어야 했습니다
의 해석을 거쳐 재배열된다,의 해석을 거쳐 재배열됩니다
는 완전히 다르다,는 완전히 다릅니다
고 테크네도 아닌 독자성을 가진다,고 테크네도 아닌 독자성을 가집니다
나 배타적 지배를 침해할 수 없다,나 배타적 지배를 침해할 수 없습니다
아니고 다른 나라에서도 크게 다르지 않다,아니고 다른 나라에서도 크게 다르지 않습니다
 될 만큼 지나치게 크다, 될 만큼 지나치게 큽니다
하는 길을 찾는 것이다,하는 길을 찾는 것입니다
 은폐되기 쉽다고 보았다, 은폐되기 쉽다고 보았습니다
 있을 수 있다, 있을 수 있습니다
 될 것이다, 될 것입니다
시 반공주의에 따라 작곡된 곡이다,시 반공주의에 따라 작곡된 곡입니다
의 일환으로 행하는 것이기 때문이다,의 일환으로 행하는 것이기 때문입니다
수정될 수 있다,수정될 수 있습니다
따라서 다소 다르다,따라서 다소 다릅니다
고 합리적인 사유를 말한다,고 합리적인 사유를 말합니다
 자아를 둘러싸고 있는 부속물로 여겨졌다, 자아를 둘러싸고 있는 부속물로 여겨졌습니다
고 할 수 있다,고 할 수 있습니다
도에 정적인 영향을 미칠 것이다,도에 정적인 영향을 미칠 것입니다
리학자의 시각을 우회적으로 비판하기도 한다,리학자의 시각을 우회적으로 비판하기도 합니다
불가능한 점과 비교되는 부분이다,불가능한 점과 비교되는 부분입니다
의 사고이다,의 사고입니다
경우를 환수대상에 포함시키기도 했다,경우를 환수대상에 포함시키기도 했습니다
에 해당한다,에 해당합니다
중요하다,중요합니다
,다
는지 살펴본다,는지 살펴봅니다
 소비 지출에 사용한다고 가정하자,소비 지출에 사용한다고 가정합시다
본격적으로 추진되기 시작하였다,본격적으로 추진되기 시작하였습니다
의 요소별로 비교할 수 있도록 정리한 것이다,의 요소별로 비교할 수 있도록 정리한 것입니다
행하는 작법무이다,행하는 작법무입니다
중하여 부모역할을 이해하려 시도하였다,중하여 부모역할을 이해하려 시도하였습니다
해 의류와 가전제품이 높게 지각되었다,해 의류와 가전제품이 높게 지각되었습니다
 국면에서 재심을 통해 무죄가 확정되었다, 국면에서 재심을 통해 무죄가 확정되었습니다
윤마진을 할증함으로써 재화가격을 결정한다,윤마진을 할증함으로써 재화가격을 결정합니다
른 대상들과 구분할 수 있어야 한다,른 대상들과 구분할 수 있어야 합니다
 더 선호하였다, 더 선호하였습니다
거래는 소요시간이 10분에 불과하다,거래는 소요시간이 10분에 불과합니다
 제출하여야 한다, 제출하여야 합니다
용하는 중에 나타난 사건이다,용하는 중에 나타난 사건입니다
토대로 메이커 스페이스라는 공간이 요구된다,토대로 메이커 스페이스라는 공간이 요구됩니다
플레이션에 영향을 미치지 못한다,플레이션에 영향을 미치지 못합니다
 이해할 수 있는 수업을 목표로 했다, 이해할 수 있는 수업을 목표로 했습니다
업의 총경리와 동사장을 동시에 고려하고 있다,업의 총경리와 동사장을 동시에 고려하고 있습니다
 구성하며Likert 5점 척도로 구성하였다, 구성하며Likert 5점 척도로 구성하였습니다
고 해명했다,고 해명했습니다
소개를 간단히 했다,소개를 간단히 했습니다
유적을 발굴 조사하였다,유적을 발굴 조사하였습니다
성과라고 하겠다,성과라고 하겠습니다
로자 간의 소득 격차를 더욱 심화시킨다,로자 간의 소득 격차를 더욱 심화시킵니다
 삶의 질을 급격하게 떨어뜨리게 된다, 삶의 질을 급격하게 떨어뜨리게 됩니다
어진 것이 특징이다,어진 것이 특징입니다
 되었다, 되었습니다
하기로 결정하면 소송이 시작될 수도 있다,하기로 결정하면 소송이 시작될 수도 있습니다
 전조를 유도한다, 전조를 유도합니다
다발적으로 시시각각 변화하며 발생한다,다발적으로 시시각각 변화하며 발생합니다
만족도에 대한 질문에 답한다,만족도에 대한 질문에 답합니다
고 주장하는 사람이 있다,고 주장하는 사람이 있습니다
 창이 디지털영상과 어우러진다, 창이 디지털영상과 어우러집니다
행 원리로 파악하고 있다,행 원리로 파악하고 있습니다
도 마찬가지로 도덕법칙이 있다는 것이다,도 마찬가지로 도덕법칙이 있다는 것입니다
는다,습니다
미치지 못하고 있다,미치지 못하고 있습니다
악하는 것은 매우 중요하다,악하는 것은 매우 중요합니다
상계관세 조사가 지속적으로 늘어나고 있다,상계관세 조사가 지속적으로 늘어나고 있습니다
화하는지 보일 수 있다,화하는지 보일 수 있습니다
 실험 절차는 표 2와 같다, 실험 절차는 표 2와 같습니다
 상관이 존재할 가능성이 있다, 상관이 존재할 가능성이 있습니다
 앞지르고 있다, 앞지르고 있습니다
로 규정한다,로 규정합니다
현할지에 대해서는 서로 동의하지 않았다,현할지에 대해서는 서로 동의하지 않았습니다
산하기 쉽지 않다,산하기 쉽지 않습니다
가 될 수 있다는 의미이기도 하다,가 될 수 있다는 의미이기도 합니다
이행 비용을 전기요금에 반영할 필요가 있다,이행 비용을 전기요금에 반영할 필요가 있습니다
황적 변화에 대응해야 하는 입장에 놓여 있다,황적 변화에 대응해야 하는 입장에 놓여 있습니다
아졌음을 확인하였다,아졌음을 확인하였습니다
의 개호 보험과 비슷한 점이 많다,의 개호 보험과 비슷한 점이 많습니다
을 형성하기 위한 작은 부분들이다,을 형성하기 위한 작은 부분들입니다
을 타고 갈 사람이 아니다,을 타고 갈 사람이 아닙니다
도 한다,도 합니다
등 동일한 잣대로 평가하기에는 무리가 있다,등 동일한 잣대로 평가하기에는 무리가 있습니다
측정한다,측정합니다
 기준이다, 기준입니다
도가 더 빠르게 나타났다,도가 더 빠르게 나타났습니다
 변수들의 시계열 안정성을 검정한다, 변수들의 시계열 안정성을 검정합니다
 핵심 교육 목표를 재공지하였다, 핵심 교육 목표를 재공지하였습니다
과와 상관관계가 크지 않는 것으로 분석되었다,과와 상관관계가 크지 않는 것으로 분석되었습니다
장 큰 문제이다,장 큰 문제입니다
수를 작성하는 도면 환경을 설명하고 있다,수를 작성하는 도면 환경을 설명하고 있습니다
하기 시작하는 나이이다,하기 시작하는 나이입니다
중증 환자에게 투여되고 있다,중증 환자에게 투여되고 있습니다
해 차입을 할 수 있다,해 차입을 할 수 있습니다
지 아니하여 즉시 확정의 이익이 없다,지 아니하여 즉시 확정의 이익이 없습니다
고 한다,고 합니다
것을 가정하였다,것을 가정하였습니다
게 볼 수 있다,게 볼 수 있습니다
대한 구성원의 인식이다,대한 구성원의 인식입니다
 교사의 인정으로 대해 줄 것을 제안하였다, 교사의 인정으로 대해 줄 것을 제안하였습니다
의 가설이 유의하게 지지되었다,의 가설이 유의하게 지지되었습니다
와 활용의 환경을 제시해 주는 것은 아니다,와 활용의 환경을 제시해 주는 것은 아닙니다
동공급 탄력성을 고려하는 것이 쉽지 않다,동공급 탄력성을 고려하는 것이 쉽지 않습니다
를 사용하였다,를 사용하였습니다
실시되었다,실시되었습니다
 사실에는 이견이 없다, 사실에는 이견이 없습니다
하락하면 주택에 대한 수요가 증가한다,하락하면 주택에 대한 수요가 증가합니다
여 원천징수를 하지 않게 되었다,여 원천징수를 하지 않게 되었습니다
수준을 유지한다,수준을 유지합니다
대 등 노동시장이 과거보다 유연해진 덕분이다,대 등 노동시장이 과거보다 유연해진 덕분입니다
으로 나누려 하는 동영상이 있다,으로 나누려 하는 동영상이 있습니다
헌을 검토하는 것이 필요하다,헌을 검토하는 것이 필요합니다
분이다,분입니다
 비율도 182로 높았다, 비율도 182로 높았습니다
입을 시도하였었다,입을 시도하였었습니다
향에서 벗어나게 될 것이다,향에서 벗어나게 될 것입니다
다는 회의적인 입장도 없지 않다,다는 회의적인 입장도 없지 않습니다
는 음반 매장이다,는 음반 매장입니다
 시범 운영의 검토도 필요할 수 있다, 시범 운영의 검토도 필요할 수 있습니다
었다,었습니다
수 없는 것들에 대해 살펴보겠다,수 없는 것들에 대해 살펴보겠습니다
 영상 작업이 활발하게 진행되기 시작했다, 영상 작업이 활발하게 진행되기 시작했습니다
달러를 만들 수 있는 방법은 몇 가지일까,달러를 만들 수 있는 방법은 몇 가지일까
내세운다,내세운입니다
국대전주해를 지칭한 것이다,국대전주해를 지칭한 것입니다
 손금산입을 허용하지 않는 것이 타당하다, 손금산입을 허용하지 않는 것이 타당합니다
가가치 규모 역시 정체되고 있다,가가치 규모 역시 정체되고 있습니다
과의 상의만으로 처리되었다,과의 상의만으로 처리되었습니다
,다
포함된 문장이다,포함된 문장입니다
다,니다
 질 수 있다, 질 수 있습니다
 살펴보고자 한다, 살펴보고자 합니다
논의되는 맥락에 대하여 검토해 보고자 한다,논의되는 맥락에 대하여 검토해 보고자 합니다
명 아니다,명 아닙니다
의미의 행위 단일성을 이룬다,의미의 행위 단일성을 이룹니다
 된 역할 모델을 할 수 없는 현실이다, 된 역할 모델을 할 수 없는 현실입니다
고 새롭게 해석하였다,고 새롭게 해석하였습니다
지 진동수의 소리를 들을 수 있다,지 진동수의 소리를 들을 수 있습니다
이한 특징을 가지고 있다,이한 특징을 가지고 있습니다
가로 구분하였다,가로 구분하였습니다
면이다,면입니다
고 불리기도 한다,고 불리기도 합니다
과실책임이다,과실책임입니다
계가 존재하지 아니한다,계가 존재하지 아니합니다
의 방법론을 토대로 측정하였다,의 방법론을 토대로 측정하였습니다
되는 삼차원적인 너비나 공간이 아니다,되는 삼차원적인 너비나 공간이 아닙니다
 나온 방사선에 피폭당했다, 나온 방사선에 피폭당했습니다
같다,같습니다
미를 갖는다,미를 갖습니다
두 연결되어 있다,두 연결되어 있습니다
적인 변인도 동시에 고려되어야 할 것이다,적인 변인도 동시에 고려되어야 할 것입니다
후속 작업이 가지는 의미가 매우 크다,후속 작업이 가지는 의미가 매우 큽니다
폭 확충하였다,폭 확충하였습니다
당하는 금액 이하의 벌금에 처해질 수 있다,당하는 금액 이하의 벌금에 처해질 수 있습니다
 아니하다, 아니합니다
낳았다는 비판을 가한다,낳았다는 비판을 가합니다
완수사 요구에 따를 의무가 있다,완수사 요구에 따를 의무가 있습니다
 문제가 취약한 것으로 지적받고 있다, 문제가 취약한 것으로 지적받고 있습니다
따라 달라질 수 있다,따라 달라질 수 있습니다
하게 발생한다,하게 발생합니다
동이 이루어 짐을 볼 수 있다,동이 이루어 짐을 볼 수 있습니다
든 어려움에 의해 오랫동안 막혀 있었다,든 어려움에 의해 오랫동안 막혀 있었습니다
 긍정하고 있다, 긍정하고 있습니다
리 재촉한다,리 재촉합니다
어지는 민속춤으로 크게 나뉘어 전승되어 왔다,어지는 민속춤으로 크게 나뉘어 전승되어 왔습니다
의 변화가 점점 더 매끄러워진다,의 변화가 점점 더 매끄러워집니다
범 성립도 가능하다,범 성립도 가능합니다
로 말할 수는 없다,로 말할 수는 없습니다
이다,입니다
사회적 인식 수준과 비례한다,사회적 인식 수준과 비례합니다
지 못한 측면이 있다,지 못한 측면이 있습니다
로 보인다,로 보입니다
사람들이 사는 나라라고 단정했다,사람들이 사는 나라라고 단정했습니다
 제도개선은 특수 목적형 ISA의 도입이다, 제도개선은 특수 목적형 ISA의 도입입니다
다시 투자 활성화와 고용 증가로 이어진다,다시 투자 활성화와 고용 증가로 이어집니다
수익이 아니라는 것이다,수익이 아니라는 것입니다
로 맞물려 있다,로 맞물려 있습니다
전과제를 많이 던져줄 것이 명백해 보인다,전과제를 많이 던져줄 것이 명백해 보입니다
게 예감케 하는 효과를 발휘한다,게 예감케 하는 효과를 발휘합니다
의 흐름에 비추어 타당한 해석으로 생각한다,의 흐름에 비추어 타당한 해석으로 생각합니다
에 B부분의 도약적인 모티브가 끼어든다,에 B부분의 도약적인 모티브가 끼어듭니다
구체적으로 규정되어야 할 것이다,구체적으로 규정되어야 할 것입니다
이 비교적 뚜렷하였다고 할 수 있다,이 비교적 뚜렷하였다고 할 수 있습니다
 예상보다 많이 걷힐 것으로 예상되고 있다, 예상보다 많이 걷힐 것으로 예상되고 있습니다
년까지 다소간 상승한 후 하락한다,년까지 다소간 상승한 후 하락합니다
 것보다 훨씬 잘 이해하고 있다, 것보다 훨씬 잘 이해하고 있습니다
선하증권을 발행한 바 없다,선하증권을 발행한 바 없습니다
자녀를 통제하기 위한 힘의 회복이다,자녀를 통제하기 위한 힘의 회복입니다
가 있고 2년제로 운영하는 것이 적절하다,가 있고 2년제로 운영하는 것이 적절합니다
 깨는 것은 매우 어렵다, 깨는 것은 매우 어렵습니다
 소송을 제기하는 데 주저함이 없다, 소송을 제기하는 데 주저함이 없습니다
비판이 꼭 나온다,비판이 꼭 나옵니다
업 창업의 고용 창출 효과를 비교 분석하였다,업 창업의 고용 창출 효과를 비교 분석하였습니다
대해 살펴보았다,대해 살펴보았습니다
될 문제가 아니다,될 문제가 아닙니다
사용될 수 있는 환경을 제공할 수 있다,사용될 수 있는 환경을 제공할 수 있습니다
이 무엇인지 결정해야 했다,이 무엇인지 결정해야 했습니다
되어야 한다,되어야 합니다
호조치를 침해하거나 훼손하여서는 아니된다,호조치를 침해하거나 훼손하여서는 아니됩니다
으로 던졌다,으로 던졌습니다
 있다는 비판이 있었다, 있다는 비판이 있었습니다
 양심은 동정심이라는 본능에 기인한다, 양심은 동정심이라는 본능에 기인합니다
들에게 불리하지 않은 내용을 담고 있었다,들에게 불리하지 않은 내용을 담고 있었습니다
 달러로 역시 전년 대비 141 증가했다, 달러로 역시 전년 대비 141 증가했습니다
하는 것은 다음과 같다,하는 것은 다음과 같습니다
구할 수 있도록 지원해 줄 필요가 있다,구할 수 있도록 지원해 줄 필요가 있습니다
석의 결과라고 할 수 있다,석의 결과라고 할 수 있습니다
는 데 중점을 둔 전시이다,는 데 중점을 둔 전시입니다
간의 감각과 지각 경험은 확장될 수 있다,간의 감각과 지각 경험은 확장될 수 있습니다
주 유럽에서 발견되었다,주 유럽에서 발견되었습니다
 측면에서 재조명 할 필요성이 있다, 측면에서 재조명 할 필요성이 있습니다
지는 논란의 여지가 있다,지는 논란의 여지가 있습니다
 대상이 된다고 하였다, 대상이 된다고 하였습니다
이 쌓여갔다,이 쌓여갔습니다
화평법이 너무 과도한 규제를 한다는 것이다,화평법이 너무 과도한 규제를 한다는 것입니다
 가장 큰 영향을 받는 것으로 나타났다, 가장 큰 영향을 받는 것으로 나타났습니다
 번에 펜으로 완성한다, 번에 펜으로 완성합니다
미는 매우 강력한 공통점을 가진다,미는 매우 강력한 공통점을 가집니다
관여도라 할 수 있다,관여도라 할 수 있습니다
 안정적인 결과를 가져왔다, 안정적인 결과를 가져왔습니다
 해석한다, 해석합니다
차와 세부 주제를 종합적으로 분석하였다,차와 세부 주제를 종합적으로 분석하였습니다
이 허위 유치권 관련 사건이다,이 허위 유치권 관련 사건입니다
면 5연의 노래는 반대로 단음절적이다,면 5연의 노래는 반대로 단음절적입니다
 대법원장의 예에 따르도록 규정하고 있다, 대법원장의 예에 따르도록 규정하고 있습니다
준을 의미한다,준을 의미합니다
행사할 수 있다,행사할 수 있습니다
의식에서 추어진 춤이다,의식에서 추어진 춤입니다
 별개의 영역이다, 별개의 영역입니다
도구였음을 보고하고 있다,도구였음을 보고하고 있습니다
완화하고 조정한다는 데 있다,완화하고 조정한다는 데 있습니다
는 조직을 개편하였다,는 조직을 개편하였습니다
한 관계에서 협동할 수 있는 방법을 배운다,한 관계에서 협동할 수 있는 방법을 배운입니다
중 하나가 인권친화적 학교 환경의 조성이다,중 하나가 인권친화적 학교 환경의 조성입니다
것인가,것인가
롯한 규제정책을 잇달아 내놓고 있다,롯한 규제정책을 잇달아 내놓고 있습니다
 향해 매우 이기적인 주장을 펼쳤다, 향해 매우 이기적인 주장을 펼쳤습니다
이 있다,이 있습니다
의 사건이 포함되어있다,의 사건이 포함되어있습니다
의 통일된 실재처럼 관념화하여 서술하고 있다,의 통일된 실재처럼 관념화하여 서술하고 있습니다
 성과가 있었다, 성과가 있었습니다
행정적 이의를 해결하는 권한도 있다,행정적 이의를 해결하는 권한도 있습니다
에 도움이 되었다,에 도움이 되었습니다
력 결과는 개발 지원자들에 따라 다양하다,력 결과는 개발 지원자들에 따라 다양합니다
하는 데에도 큰 영향을 미칠 수 있다,하는 데에도 큰 영향을 미칠 수 있습니다
한 경향은 두드러진다,한 경향은 두드러집니다
의 역할을 잘 수행하는 정도를 의미한다,의 역할을 잘 수행하는 정도를 의미합니다
이가 있다,이가 있습니다
완벽하게 알고 있다,완벽하게 알고 있습니다
다 단점이 더 많다,다 단점이 더 많습니다
것이다,것입니다
 크기의 양  의 값이 나타난다, 크기의 양  의 값이 나타났습니다
토를 받았다,토를 받았습니다
 수 있을 것으로 생각하는 경향이 있다, 수 있을 것으로 생각하는 경향이 있습니다
참여가 지속적으로 높아지고 있다,참여가 지속적으로 높아지고 있습니다
 민요의 특징을 살려 노래하는 것이 좋다, 민요의 특징을 살려 노래하는 것이 좋습니다
때문에 고정된 이미지를 만들고 싶지 않았다,때문에 고정된 이미지를 만들고 싶지 않았습니다
표하지 않았다고 지적했다,표하지 않았다고 지적했습니다
뱅에서 재활용되는 닫힌 우주 개념을 배제했다,뱅에서 재활용되는 닫힌 우주 개념을 배제했습니다
고 기업가치와의 관련성을 분석하고자 한다,고 기업가치와의 관련성을 분석하고자 합니다
 같은 플라톤의 설명을 통해 유추할 수 있다, 같은 플라톤의 설명을 통해 유추할 수 있습니다
신뢰가 높아졌다,신뢰가 높아졌습니다
 하였고 연행에 있어서 백희가무를 하였다, 하였고 연행에 있어서 백희가무를 하였습니다
렬한 절대평화주의가 존재했다는 시각이 있다,렬한 절대평화주의가 존재했다는 시각이 있습니다
 하자, 합시다
 모습을 띠고 있다, 모습을 띠고 있습니다
송과 법원방문으로 업무처리하고 있다,송과 법원방문으로 업무처리하고 있습니다
과 함께 하는 항구성을 특징으로 한다,과 함께 하는 항구성을 특징으로 합니다
들 중에서 가장 큰 것의 가치라고 밝혔다,들 중에서 가장 큰 것의 가치라고 밝혔습니다
연 공연 연출로 한정이 되었다,연 공연 연출로 한정이 되었습니다
 특성을 거의 가지고 있지 않다, 특성을 거의 가지고 있지 않습니다
만 대한의사협회는 규제를 층층이 덧씌웠다,만 대한의사협회는 규제를 층층이 덧씌웠습니다
 준다, 줍니다
세계의 수치들과 관련된 연산이다,세계의 수치들과 관련된 연산입니다
권보장이라는 것을 염두에 두어야 할 것이다,권보장이라는 것을 염두에 두어야 할 것입니다
 중심으로 같이 공부 하도록 하겠다, 중심으로 같이 공부 하도록 하겠습니다
겨를이 없었다,겨를이 없었습니다
발하는 질문을 받았다,발하는 질문을 받았습니다
하는 경우 연합의 사적 유인을 살펴본다,하는 경우 연합의 사적 유인을 살펴봅니다
석우 연구를 참고하기 바란다,석우 연구를 참고하기 바랍니다
있다,있습니다
 아래로 확장되었다, 아래로 확장되었습니다
적인 것은 주요사항보고서에 공시하는 것이다,적인 것은 주요사항보고서에 공시하는 것입니다
드시 팀원 동료평가를 실시한다,드시 팀원 동료평가를 실시합니다
면이 들어 있다고 말한다,면이 들어 있다고 말합니다
있다,있습니다
파악한다,파악합니다
 아니었다, 아니었습니다
대해 법적 근거가 마련되었다,대해 법적 근거가 마련되었습니다
은 지역으로 측정되었다,은 지역으로 측정되었습니다
율을 유의하게 감소시킨다,율을 유의하게 감소시킵니다
율이 감소하고 미흡 비율은 증가하였다,율이 감소하고 미흡 비율은 증가하였습니다
있다고 평가할 수 있다,있다고 평가할 수 있습니다
를 이용한 지적장애진단이 이루어졌다,를 이용한 지적장애진단이 이루어졌습니다
에 따라 익금에 산입한다,에 따라 익금에 산입합니다
않고 1939년에 유럽으로 혼자 방문했다,않고 1939년에 유럽으로 혼자 방문했습니다
 대해 공감하고 있는 것 같다, 대해 공감하고 있는 것 같습니다
로 가장 높은 금액을 차지하였다,로 가장 높은 금액을 차지하였습니다
 역할 갈등이 더 심하였다, 역할 갈등이 더 심하였습니다
기 때문이다,기 때문입니다
소통을 통해서 파악하는데 활용되는이론이다,소통을 통해서 파악하는데 활용되는이론입니다
나무가 보수 도상으로 새롭게 유입된다,나무가 보수 도상으로 새롭게 유입됩니다
속에서 이들이 모두 함께 모이게 된 것이다,속에서 이들이 모두 함께 모이게 된 것입니다
성이 부합되어 추어지는 춤이다,성이 부합되어 추어지는 춤입니다
 유인 효과가 미미한 것으로 판단된다, 유인 효과가 미미한 것으로 판단됩니다
할 경우 판결문으로 공탁된 배당금을 회수한다,할 경우 판결문으로 공탁된 배당금을 회수합니다
이 부정되는 것은 아니다,이 부정되는 것은 아닙니다
 각각 사용되었다, 각각 사용되었습니다
는 일이 중요하다,는 일이 중요합니다
장하고 있다,장하고 있습니다
할 수 있다,할 수 있습니다
다는 것을 안다,다는 것을 압니다
 사례가 된다, 사례가 됩니다
지표 변수에 차이가 나타났다,지표 변수에 차이가 나타났습니다
자들께 죄송한 마음이 앞선다,자들께 죄송한 마음이 앞섭니다
폐집합이 아니다,폐집합이 아닙니다
 종종 발생하고 있다, 종종 발생하고 있습니다
의 의미와 가치가동일 하다고 볼 수 없다,의 의미와 가치가동일 하다고 볼 수 없습니다
 물이 한 일을 구한다, 물이 한 일을 구합니다
유롭기 때문에 더 자주 사용된다,유롭기 때문에 더 자주 사용됩니다
도드라지게 하는 데 사용된다,도드라지게 하는 데 사용됩니다
 흑자가 최근 빠르게 감소하고 있다, 흑자가 최근 빠르게 감소하고 있습니다
 수 있다, 수 있습니다
생일 뿐이다,생일 뿐입니다
은 거의 없을 것이다,은 거의 없을 것입니다
 용구와 직결되는 것은 아니다, 용구와 직결되는 것은 아닙니다
따라 삭제하여야 한다,따라 삭제하여야 합니다
을 본다면 또 다른 원인을 발견할 수 있다,을 본다면 또 다른 원인을 발견할 수 있습니다
하였다,하였습니다
이는 하나의 전략이 되기도 한다,이는 하나의 전략이 되기도 합니다
에 대한 경찰의 조치가 취해질 수 있다,에 대한 경찰의 조치가 취해질 수 있습니다
높은 진폭의 마루와 골의 모양으로 형성된다,높은 진폭의 마루와 골의 모양으로 형성됩니다
 규정을 두고 있지 않다, 규정을 두고 있지 않습니다
 관해서는 지금까지 논의된 바는 없다, 관해서는 지금까지 논의된 바는 없습니다
 없기 때문에 발생할 수 있다, 없기 때문에 발생할 수 있습니다
령의 연행 양상이 명확하게 나타난다,령의 연행 양상이 명확하게 나타났습니다
방 즉 일벌백계를 통한 위협이다,방 즉 일벌백계를 통한 위협입니다
된 의사 표현에 초점을 맞추고자 한다,된 의사 표현에 초점을 맞추고자 합니다
으로 볼 수 있기 때문이다,으로 볼 수 있기 때문입니다
및 현물시장 간의 가격 조작을 방지하였다,및 현물시장 간의 가격 조작을 방지하였습니다
5가지 질문을 한다,5가지 질문을 합니다
와 효과에서 상당한 차이가 있다,와 효과에서 상당한 차이가 있습니다
에 있다고 보고 있지 않는다,에 있다고 보고 있지 않습니다
기 선교사들의 노력의 결과였다,기 선교사들의 노력의 결과였습니다
지 않기 때문에 채권은 발생하지 않는다,지 않기 때문에 채권은 발생하지 않습니다
한다,합니다
이런 식으로 나타난다,이런 식으로 나타났습니다
 합자투자 회사보다는 완전소유 자회사이다, 합자투자 회사보다는 완전소유 자회사입니다
 자체이고 이 지식은 확장되었다, 자체이고 이 지식은 확장되었습니다
효과와 간접효과를 합해서 구했다,효과와 간접효과를 합해서 구했습니다
제곱 수로 이뤄진다는 걸 발견했다,제곱 수로 이뤄진다는 걸 발견했습니다
의 과징금 부과 규정을 두고 있다,의 과징금 부과 규정을 두고 있습니다
포함된다,포함됩니다
을 알 수 있었다,을 알 수 있었습니다
가까울수록 상관관계가 높다고 해석된다,가까울수록 상관관계가 높다고 해석됩니다
 나타내거나 표시 또는 상징하는 방식이다, 나타내거나 표시 또는 상징하는 방식입니다
으로 제재를 가한다는 의미가 있다,으로 제재를 가한다는 의미가 있습니다
값을 사용하였다,값을 사용하였습니다
시설이 필요하다,시설이 필요합니다
F를 유럽에 소개했다,F를 유럽에 소개했습니다
우에는 채권자가 소유권을 보유하여야 한다,우에는 채권자가 소유권을 보유하여야 합니다
을 향상시킬 수 있다,을 향상시킬 수 있습니다
시어터의 예술감독이다,시어터의 예술감독입니다
역사 영화가 상당히 선전하고 있다,역사 영화가 상당히 선전하고 있습니다
 생각된다, 생각됩니다
전체 3만 9천 171개소이다,전체 3만 9천 171개소입니다
돈관리 행동이 높게 나타났다,돈관리 행동이 높게 나타났습니다
 문제된다, 문제됩니다
 포커 도박에서 손을 뗀다,포커 도박에서 손을 뗀입니다
 51의 지분 보유의사를 표명하였다, 51의 지분 보유의사를 표명하였습니다
자료는 2005년에 대한 자료가 조사되었다,자료는 2005년에 대한 자료가 조사되었습니다
라 불리는 브뤼셀 규정이 존재한다,라 불리는 브뤼셀 규정이 존재합니다
득 가설의 검증과 유사한 측면을 가지고 있다,득 가설의 검증과 유사한 측면을 가지고 있습니다
적인 정책이라고 할 수 있다,적인 정책이라고 할 수 있습니다
로 명명하였다,로 명명하였습니다
구분하여 관리하도록 규정하고 있다,구분하여 관리하도록 규정하고 있습니다
 거두어 생산력도 증가되었다, 거두어 생산력도 증가되었습니다
간에 할 수 있다,간에 할 수 있습니다
 경우에도 자신을 옹호할 수 없다, 경우에도 자신을 옹호할 수 없습니다
범죄의 예방에 있다,범죄의 예방에 있습니다
평가하는 단계에서 이루어지는 연구이다,평가하는 단계에서 이루어지는 연구입니다
 흔적을 볼 수 있다, 흔적을 볼 수 있습니다
시지를 주도한다,시지를 주도합니다
도 포함될 필요가 있다,도 포함될 필요가 있습니다
공모주를 상대적으로 많이 배정받는다,공모주를 상대적으로 많이 배정받습니다
존법칙들은 일단 보류되어야 한다,존법칙들은 일단 보류되어야 합니다
씩 측정했다,씩 측정했습니다
 크며 수학 국어 순이다, 크며 수학 국어 순입니다
 50번 접는다, 50번 접는입니다
하여야 할 법적 과제도 존재한다,하여야 할 법적 과제도 존재합니다
소할 수 있는 것이 원칙이라고 볼 수도 있다,소할 수 있는 것이 원칙이라고 볼 수도 있습니다
직접 학교를 향상시키기 위해 참여하였다,직접 학교를 향상시키기 위해 참여하였습니다
는 가상 입자 덮개를 모은다,는 가상 입자 덮개를 모읍니다
 판결을 살펴보았다, 판결을 살펴보았습니다
 제2항의 예외로 보는 판례와 학설도 있다, 제2항의 예외로 보는 판례와 학설도 있습니다
어나는 결정을 한다고 하였다,어나는 결정을 한다고 하였습니다
로그램 갱신을 가능하게 한다,로그램 갱신을 가능하게 합니다
되 가상화폐라는 용어도 혼용하기로 한다,되 가상화폐라는 용어도 혼용하기로 합니다
분석이 실시되었다,분석이 실시되었습니다
수 없다,수 없습니다
발계수를 파악하기가 어렵다는 점이었 다,발계수를 파악하기가 어렵다는 점이었 입니다
 선의로 당해 반도체칩을 구매한 자를 말한다, 선의로 당해 반도체칩을 구매한 자를 말합니다
하기도 했다,하기도 했습니다
 같다, 같습니다
양한 분야에서 폭넓게 인용되고 있다,양한 분야에서 폭넓게 인용되고 있습니다
제 전체에 긍정적으로 작용할 수 있다,제 전체에 긍정적으로 작용할 수 있습니다
이 그중 하나이다,이 그중 하나입니다
다고 해도 과언이 아니다,다고 해주셔도 과언이 아닙니다
알아보자,알아봅시다
자만 하면 관리가 가능하다,자만 하면 관리가 가능합니다
 주주에게 경영간섭을 허용하는 것이다, 주주에게 경영간섭을 허용하는 것입니다
를 양보한다,를 양보합니다
레스를 더 많이 겪고 있다,레스를 더 많이 겪고 있습니다
 한다, 합니다
성장에도 광범위하게 기여했다,성장에도 광범위하게 기여했습니다
 재정건전성을 검토하는 과정이 필요하다, 재정건전성을 검토하는 과정이 필요합니다
미한다,미합니다
방법이라고 생각한다,방법이라고 생각합니다
 주고받는다, 주고받습니다
사이의 시간적 격차가 존재한다,사이의 시간적 격차가 존재합니다
의 그 일만큼이나 나쁘다,의 그 일만큼이나 나쁩니다
 차원의 평면요소를 표현할 것이다, 차원의 평면요소를 표현할 것입니다
수 있는 중재방법인가,수 있는 중재방법인가
북도 국악 실태 조사에 잘 나타나 있다,북도 국악 실태 조사에 잘 나타나 있습니다
차이가 없었다는 연구도 있다,차이가 없었다는 연구도 있습니다
말하는 경우가 많았다,말하는 경우가 많았습니다
상황에 직면하는 것으로 나타났다,상황에 직면하는 것으로 나타났습니다
였다,였습니다
기도 한다,기도 합니다
수업이 교사로서 부담감이 덜했다고 말하였다,수업이 교사로서 부담감이 덜했다고 말하였습니다
 설정하기에는 무리가 따른다, 설정하기에는 무리가 따릅니다
할만한 원천으로 간주된다,할만한 원천으로 간주됩니다
 알고리즘에 달라지는 것이다, 알고리즘에 달라지는 것입니다
연속성에 대한 인식에는 차이가 있었다,연속성에 대한 인식에는 차이가 있었습니다
 수 있는 국가인 것이다, 수 있는 국가인 것입니다
자 입자가 아니다,자 입자가 아닙니다
살롱에서 대안을 나누었다,살롱에서 대안을 나누었습니다
 제출하지 않았다, 제출하지 않았습니다
서 진행하는 것을 단기적 대안으로 삼고 있다,서 진행하는 것을 단기적 대안으로 삼고 있습니다
왔다,왔습니다
다,니다
 판례인  혼빙 2가 대표적 사례다, 판례인  혼빙 2가 대표적 사례입니다
트를 다루고 있다,트를 다루고 있습니다
 대학자치 그 자체의 법리이다, 대학자치 그 자체의 법리입니다
기능이 일시적으로 떨어진 상태다,기능이 일시적으로 떨어진 상태입니다
성 해소가 첫 손가락에 꼽힌다,성 해소가 첫 손가락에 꼽힙니다
감안하여 학생 A와 친근한 관계를 맺고 있다,감안하여 학생 A와 친근한 관계를 맺고 있습니다
 가지로 정리할 수 있다, 가지로 정리할 수 있습니다
관하여 존재한다,관하여 존재합니다
 수 있었다, 수 있었습니다
상당히 증가할 것으로 보인다,상당히 증가할 것으로 보입니다
식 개선을 위한 방안을 제시한다,식 개선을 위한 방안을 제시합니다
을 살펴보고자한다,을 살펴보고자합니다
계산하는 방식의 서명을 의미한다,계산하는 방식의 서명을 의미합니다
감소하는 추세를 보였다,감소하는 추세를 보였습니다
가는 질 관리의 중요한 수단이 된다,가는 질 관리의 중요한 수단이 됩니다
넘어져서 아무 데도 빨리 가지 못한다,넘어져서 아무 데도 빨리 가지 못합니다
 시선은 다르게 나타난다, 시선은 다르게 나타났습니다
월 15일까지 약 1개월에 걸쳐 진행되었다,월 15일까지 약 1개월에 걸쳐 진행되었습니다
 손해를 입었다는 점에서 차이가 없다, 손해를 입었다는 점에서 차이가 없습니다
 지원되는 복지관광정책이라할 수 있다, 지원되는 복지관광정책이라할 수 있습니다
피고에게 명시 설명하지 아니하였다,피고에게 명시 설명하지 아니하였습니다
레비 스트로스의 구조주의 인류학이다,레비 스트로스의 구조주의 인류학입니다
 기본권 줄여서 인권이라고 부른다, 기본권 줄여서 인권이라고 부릅니다
 않는 원칙으로 규정되어 있다, 않는 원칙으로 규정되어 있습니다
하는 것이 필요하다,하는 것이 필요합니다
 분양가를 낮추자 수만 명의 인파가 몰렸다, 분양가를 낮추자 수만 명의 인파가 몰렸습니다
이야기를 좀 더 발전시켜 본다,이야기를 좀 더 발전시켜 봅니다
구전커뮤니케이션의 조절효과를 확인하였다,구전커뮤니케이션의 조절효과를 확인하였습니다
로부터 30일 이내로 완화하고 있다,로부터 30일 이내로 완화하고 있습니다
응성을 추정하였다,응성을 추정하였습니다
있는 유일한 방법이다,있는 유일한 방법입니다
 사용되고 있다, 사용되고 있습니다
을 자유롭게 추구할 수 있어야 한다,을 자유롭게 추구할 수 있어야 합니다
 등록 정보의 변경 여부를 확인하여야 한다, 등록 정보의 변경 여부를 확인하여야 합니다
 행동을 야기한다, 행동을 야기합니다
는 것은 신뢰성에 문제점이 발생하였다,는 것은 신뢰성에 문제점이 발생하였습니다
책을 연관시켰다,책을 연관시켰습니다
속연구가 이루어져야 한다,속연구가 이루어져야 합니다
설 수도 있음을 의미한다,설 수도 있음을 의미합니다
 보다 엄격한 해석이 필요하다고 본다, 보다 엄격한 해석이 필요하다고 봅니다
된 자료의 기초적 통계정보를 정리한것이다,된 자료의 기초적 통계정보를 정리한것입니다
하여 금지 청구권을 행사하는 단체이다,하여 금지 청구권을 행사하는 단체입니다
에 존재한다,에 존재합니다
 발표하기 쉽지 않다, 발표하기 쉽지 않습니다
지 않았다,지 않았습니다
로 돌봄의무 위반과 과실을 판단했다,로 돌봄의무 위반과 과실을 판단했습니다
것이다,것입니다
는 유사성이 존재하여야 인정된다,는 유사성이 존재하여야 인정됩니다
위기로 직결될 수 있다는 것이다,위기로 직결될 수 있다는 것입니다
사항에 관련된 논의는 진행하지 않는다,사항에 관련된 논의는 진행하지 않습니다
기회가 될 것이다,기회가 될 것입니다
문으로 발견된 장소는 알려지지 않았다,문으로 발견된 장소는 알려지지 않았습니다
 임금의 복장과 분장으로 촬영을 마쳤다, 임금의 복장과 분장으로 촬영을 마쳤습니다
 지금도 이어지고 있다, 지금도 이어지고 있습니다
이 대중들의 관심을 끌게 하였다,이 대중들의 관심을 끌게 하였습니다
 새로운 관점으로 이어진다, 새로운 관점으로 이어집니다
 새로운 문화가 창조된다, 새로운 문화가 창조됩니다
교육을 강화하기 위한 대책 마련이 필요하다,교육을 강화하기 위한 대책 마련이 필요합니다
있음을 확인할 수 있었다,있음을 확인할 수 있었습니다
ntra 무드라mudra의 한역이다,ntra 무드라mudra의 한역입니다
생하는 것이었다,생하는 것이었습니다
로 구분되어 연구가 이루어지고 있다,로 구분되어 연구가 이루어지고 있습니다
타난다,타났습니다
파하고 탄핵주의와 구두주의 원칙을 정립하였다,파하고 탄핵주의와 구두주의 원칙을 정립하였습니다
에서 사망하였다,에서 사망하였습니다
적 비용들이 여기에 포함된다,적 비용들이 여기에 포함됩니다
 때문에 단사이다, 때문에 단사입니다
 분석되었다, 분석되었습니다
 있다고 할 수 있다, 있다고 할 수 있습니다
발생한 중대한 반인도적인 국가 범죄이다,발생한 중대한 반인도적인 국가 범죄입니다
체언어로 회기하기 때문이다,체언어로 회기하기 때문입니다
있는 것이 될 것이다,있는 것이 될 것입니다
기업들이다,기업들입니다
싶은 말을 직접적으로 남길 수 있다,싶은 말을 직접적으로 남길 수 있습니다
 감상자의마음속으로 전해 진다, 감상자의마음속으로 전해 집니다
를 위한 중요한 역할을 수행하고 있다,를 위한 중요한 역할을 수행하고 있습니다
기하는 것이 중요하다,기하는 것이 중요합니다
는 데 크게 도움을 주고 있다,는 데 크게 도움을 주고 있습니다
수자에게 보다 어려운 역할을 요구한다,수자에게 보다 어려운 역할을 요구합니다
한 법치주의에 속한다,한 법치주의에 속합니다
항은 의무의 실질적 부분 이라고 규정한다,항은 의무의 실질적 부분 이라고 규정합니다
동을 만들어야 한다고 주장하였다,동을 만들어야 한다고 주장하였습니다
의가 있는 때에는 그러하지 아니하다,의가 있는 때에는 그러하지 아니합니다
 된다, 됩니다
전략이라 할 수 있기 때문이다,전략이라 할 수 있기 때문입니다
 하고 있다, 하고 있습니다
 않는다는 인식을 나타내었다, 않는다는 인식을 나타내었습니다
른 기준에 의해 춤 정보가 제공되고 있다,른 기준에 의해 춤 정보가 제공되고 있습니다
의 중요성을 강조하는 토대를 만들었다고 본다,의 중요성을 강조하는 토대를 만들었다고 봅니다
이 커지게 되는 것이다,이 커지게 되는 것입니다
투입하여 순찰업무가 이루어지고 있다,투입하여 순찰업무가 이루어지고 있습니다
급 병가와 보편적 상병수당으로 구분된다,급 병가와 보편적 상병수당으로 구분됩니다
나 싶다,나 싶습니다
지 않은 연구물들이 발표되었다,지 않은 연구물들이 발표되었습니다
하여 저작권법에서 별도로 규정하지 않고 있다,하여 저작권법에서 별도로 규정하지 않고 있습니다
전 과정 경제주체가 함께 만나는 것이다,전 과정 경제주체가 함께 만나는 것입니다
역에 대한 결과를 보여주고 있다,역에 대한 결과를 보여주고 있습니다
콘도미니엄 등기소에 고지하여야 한다,콘도미니엄 등기소에 고지하여야 합니다
의 동의만이 문제로 될 수 있다고 해야 한다,의 동의만이 문제로 될 수 있다고 해야 합니다
로 판명되었다,로 판명되었습니다
받아야 한다는 것을 의미한다,받아야 한다는 것을 의미합니다
 대상 예술적인 대상의 구분을 초월한다, 대상 예술적인 대상의 구분을 초월합니다
는 것으로 나타났다,는 것으로 나타났습니다
 관하여 주의를 기울여야 한다, 관하여 주의를 기울여야 합니다
 있다고 생각한다, 있다고 생각합니다
총 3가지 범주로 구분하고 있다,총 3가지 범주로 구분하고 있습니다
농축되었음을 볼 수 있다,농축되었음을 볼 수 있습니다
 시정촌세 수입에서는 42를 차지한다, 시정촌세 수입에서는 42를 차지합니다
은 변수 모델의 가능성도 배제했다,은 변수 모델의 가능성도 배제했습니다
가는 가도 역시 중요한 관심사인 것이다,가는 가도 역시 중요한 관심사인 것입니다
 앞에서 점심시간에 진행되었다, 앞에서 점심시간에 진행되었습니다
유를 설명할 수 있어야 한다,유를 설명할 수 있어야 합니다
 데이터는 총 175개월 =199 24이다, 데이터는 총 175개월 =199 24입니다
는 기관들을 구체적으로 살펴보면 다음과 같다,는 기관들을 구체적으로 살펴보면 다음과 같습니다
아볼 수 있다,아볼 수 있습니다
있었다,있었습니다
선정하였다,선정하였습니다
근의 연구는 아직 없다,근의 연구는 아직 없습니다
하고자 출발하였다,하고자 출발하였습니다
다,습니다
 순위 규칙이 필요하다, 순위 규칙이 필요합니다
 대상이 되는 것을 막는 것을 목적으로 한다, 대상이 되는 것을 막는 것을 목적으로 합니다
리하기 위해 만들어졌다,리하기 위해 만들어졌습니다
목할 만하다,목할 만합니다
는 노선일 것이다,는 노선일 것입니다
고 느끼는 지지가 다르다는 것이다,고 느끼는 지지가 다르다는 것입니다
 중재가 효과가 있다, 중재가 효과가 있습니다
 변하고 있다, 변하고 있습니다
인의 인식에서 아직은 생소한 현상이다,인의 인식에서 아직은 생소한 현상입니다
금 확보에 유용하다고 할 수 있다,금 확보에 유용하다고 할 수 있습니다
,
않는 준 영구적인 것이다,않는 준 영구적인 것입니다
게 양도 후에는 매수인에게 귀속된다고 한다,게 양도 후에는 매수인에게 귀속된다고 합니다
 연구한 글로 노인 연령별 차별화 중심이다, 연구한 글로 노인 연령별 차별화 중심입니다
는 변화의 집합은 무엇으로 구성되는가,는 변화의 집합은 무엇으로 구성되는가
를 발생 시킨다,를 발생 시킵니다
 퇴보하고 있다, 퇴보하고 있습니다
에 되지 않는 짓은 하지 않는다,에 되지 않는 짓은 하지 않습니다
 쉽게 이해할 수 있다, 쉽게 이해할 수 있습니다
AA와 카타르 왕실의 관계는 끈끈하다,AA와 카타르 왕실의 관계는 끈끈합니다
를 취득하고 있다,를 취득하고 있습니다
서 비슷한 현상이 나타났다,서 비슷한 현상이 나타났습니다
되고 있다,되고 있습니다
 책임과 관련하여 중요한 의미를 갖는다, 책임과 관련하여 중요한 의미를 갖습니다
문제되었다,문제되었습니다
선발하였다,선발하였습니다
약한 모습에 길들여져 있는 것이다,약한 모습에 길들여져 있는 것입니다
이 크게 떨어진다,이 크게 떨어집니다
 마찬가지이다, 마찬가지입니다
나 철회 또는 폐기의결되었다,나 철회 또는 폐기의결되었습니다
 검토 결과와 함께 재송부하였다, 검토 결과와 함께 재송부하였습니다
더 심각해진다,더 심각해집니다
진다,집니다
들어 반송자신호의 진동수를 바꾼다,들어 반송자신호의 진동수를 바꾼입니다
 요구된다, 요구됩니다
 비효율적이라는 것은 널리 알려진 사실이다, 비효율적이라는 것은 널리 알려진 사실입니다
부과할 수 있다,부과할 수 있습니다
대하여 자율적인 결정을 할 수 있어야 한다,대하여 자율적인 결정을 할 수 있어야 합니다
겨 놓을 수 있는 전략은 무엇일까,겨 놓을 수 있는 전략은 무엇일까
환의 죄과 국가보안법 등이다,환의 죄과 국가보안법 등입니다
,다
합리성에 근거하여 업무를 수행하는 직업군이다,합리성에 근거하여 업무를 수행하는 직업군입니다
 강화법과 병존하는 농지 집적의 루트이다, 강화법과 병존하는 농지 집적의 루트입니다
 44조 원으로 26배 증가하였다, 44조 원으로 26배 증가하였습니다
것에 기반해야 한다,것에 기반해야 합니다
의 내용이나 품질에 맞추어져 있다,의 내용이나 품질에 맞추어져 있습니다
단일 법 집행 주체를 명확하게 할 수 없다,단일 법 집행 주체를 명확하게 할 수 없습니다
형성을 통한 외적 영향력 확대도 설명했다,형성을 통한 외적 영향력 확대도 설명했습니다
성이 지배한다,성이 지배합니다
언어를 제멋대로 바꾸거나 왜곡해서는 안 된다,언어를 제멋대로 바꾸거나 왜곡해서는 안 됩니다
 통해 공정하다, 통해 공정합니다
 동기는 외적 가치를 가지게 된다, 동기는 외적 가치를 가지게 됩니다
 수 있다, 수 있습니다
가를 중심으로 보고자 하였다,가를 중심으로 보고자 하였습니다
것을 생산해내는 마술적 능력으로 인식된다,것을 생산해내는 마술적 능력으로 인식됩니다
수 있었다,수 있었습니다
전제가 된다,전제가 됩니다
인적 역량을 강조한 추가 문헌도 있다,인적 역량을 강조한 추가 문헌도 있습니다
 밖 금융 전문가 캠프 등을 선호하였다, 밖 금융 전문가 캠프 등을 선호하였습니다
 기능을 수행하고 있다고 보는 견해도 있다, 기능을 수행하고 있다고 보는 견해도 있습니다
이미 병이 난 후에 치료한다,이미 병이 난 후에 치료합니다
 영향을 미친다, 영향을 미칩니다
서는 과세하지 않는다,서는 과세하지 않습니다
 점에서 진일보한 것이라 생각된다, 점에서 진일보한 것이라 생각됩니다
작업을 진행해 오고 있다,작업을 진행해 오고 있습니다
있다,있습니다
자의 감시만으로는 한계가 있다,자의 감시만으로는 한계가 있습니다
요한 기준이라 할 수 있다,요한 기준이라 할 수 있습니다
움으로 성립되었다고 해도 과언이 아니다,움으로 성립되었습니다고 해주셔도 과언이 아닙니다
 가능한 주택을 공급한다, 가능한 주택을 공급합니다
 회생 절차와 회생 절차는 후자에 해당된다, 회생 절차와 회생 절차는 후자에 해당됩니다
이해도를 제 시할 수 있다,이해도를 제 시할 수 있습니다
론에도 반영되어 있다,론에도 반영되어 있습니다
지가 없었다는 것이 제한점이다,지가 없었다는 것이 제한점입니다
표율사의 예에서도 찾아볼 수 있다,표율사의 예에서도 찾아볼 수 있습니다
T의 의미를 이해하게 되는 것이다,T의 의미를 이해하게 되는 것입니다
 중에서 검색 할 수 없다, 중에서 검색 할 수 없습니다
의 궤도반지름은 얼마인가,의 궤도반지름은 얼마인가
 관한 규정이다, 관한 규정입니다
 적용해보면 다음과 같다, 적용해보면 다음과 같습니다
 강제조치를 검토하고 분석할 것을 요구한다, 강제조치를 검토하고 분석할 것을 요구합니다
지가 있는 피의사실이 공표되는 경우가 있다,지가 있는 피의사실이 공표되는 경우가 있습니다
화학 공업 중심 육성 정책을 추진하였다,화학 공업 중심 육성 정책을 추진하였습니다
원칙이 적용될 수 있다,원칙이 적용될 수 있습니다
 위세를 직접 눈으로 확인하는 과정이었다, 위세를 직접 눈으로 확인하는 과정이었습니다
넘는 비교적 높은 수치가 나타났다,넘는 비교적 높은 수치가 나타났습니다
라는 것을 증명할 것 이다,라는 것을 증명할 것 입니다
 미칠 수 있기 때문이다, 미칠 수 있기 때문입니다
 취하고 있다, 취하고 있습니다
게 의미 있게 구성해 줄 것인가,게 의미 있게 구성해 줄 것인가
성하는 주요한 주체로 떠오른다,성하는 주요한 주체로 떠오릅니다
문이다,문입니다
다는 점이다,다는 점입니다
주민 참여가 중요하다,주민 참여가 중요합니다
 좋고 계산하기도 쉬운 양이다, 좋고 계산하기도 쉬운 양입니다
서의 무한원점에 대해서는 무너져 버린다,서의 무한원점에 대해서는 무너져 버립니다
 이유는 두 가지다, 이유는 두 가집니다
에서 유의한 차이가 없는 것으로 보여 진다,에서 유의한 차이가 없는 것으로 보여 집니다
책임이 없냐고 들이대고 있는 것만 같다,책임이 없냐고 들이대고 있는 것만 같습니다
수 있다,수 있습니다
고 있다,고 있습니다
수 없다,수 없습니다
하지 못하고 있는 실정이다,하지 못하고 있는 실정입니다
 있다, 있습니다
 점포 수에 대한 자료를 만들어서 이용하였다, 점포 수에 대한 자료를 만들어서 이용하였습니다
 이루어지지 않았다, 이루어지지 않았습니다
 관심이 뜨겁다, 관심이 뜨겁습니다
으로써 보다 간결하게 접근이 가능하다,으로써 보다 간결하게 접근이 가능합니다
개념이다,개념입니다
시하고 있다,시하고 있습니다
지가 끼어 있다,지가 끼어 있습니다
강조할 것이다,강조할 것입니다
출사를 결심하게 되었다,출사를 결심하게 되었습니다
이 요구된다,이 요구됩니다
들릴 수 있다,들릴 수 있습니다
다고 보았던 조영배의 이론과는 배치된다,다고 보았던 조영배의 이론과는 배치됩니다
활동 등을 자료 수집 방법으로 활용하였다,활동 등을 자료 수집 방법으로 활용하였습니다
 간주되어 크게 두 개의 집단으로 구분되었다, 간주되어 크게 두 개의 집단으로 구분되었습니다
의 내용 요소 전시 이론을 적용하였다,의 내용 요소 전시 이론을 적용하였습니다
신적인 교육방법을 의미한다,신적인 교육방법을 의미합니다
무소를 설립한 적이 거의 없었다,무소를 설립한 적이 거의 없었습니다
 행동에 관한 것이다, 행동에 관한 것입니다
 대해 의견과 해석을 내놓았다, 대해 의견과 해석을 내놓았습니다
며 집필 배경을 밝힌 바 있다,며 집필 배경을 밝힌 바 있습니다
라고 말했다,라고 말했습니다
조항의 성격을 가지고 있다고 본다,조항의 성격을 가지고 있다고 봅니다
및 프로젝트를 지원하고 있다고 한다,및 프로젝트를 지원하고 있다고 합니다
미칠 것이다,미칠 것입니다
는 경우 이는 사회적 행위이다,는 경우 이는 사회적 행위입니다
을 부려서 W라고 부르자,을 부려서 W라고 부르자
성을 공동으로 추구할 수 있었다,성을 공동으로 추구할 수 있었습니다
 다양한 형태의 무용 담론이 형성되었다, 다양한 형태의 무용 담론이 형성되었습니다
기되고 있다,기되고 있습니다
비해 크게 확대되었다,비해 크게 확대되었습니다
으로 예산을 편성할 수 없다,으로 예산을 편성할 수 없습니다
에서 자유롭다는 것을 의미한다,에서 자유롭다는 것을 의미합니다
시 이 점에서 공공성이 부각된다,시 이 점에서 공공성이 부각됩니다
기준에 부합하도록 할 것을 명시하였다,기준에 부합하도록 할 것을 명시하였습니다
 관측 이후에야 널리 받아 들여졌다, 관측 이후에야 널리 받아 들여졌습니다
출하고 있지 않고 있다,출하고 있지 않고 있습니다
 개발되고 있다, 개발되고 있습니다
국어 안내표지판이 도입되었다,국어 안내표지판이 도입되었습니다
 개선방안이 될 수 있다, 개선방안이 될 수 있습니다
용관계에서 나타나는 신뢰이다,용관계에서 나타나는 신뢰입니다
출가들 작품에는 아낌없이 투자를 한다,출가들 작품에는 아낌없이 투자를 합니다
한다,합니다
는 기초와 색조 화장품이 모두 포함된다,는 기초와 색조 화장품이 모두 포함됩니다
셈 구조에 관한 모든 정보를 알려준다,셈 구조에 관한 모든 정보를 알려줍니다
 권의 책으로 묶여 나올 만큼 왕성하다, 권의 책으로 묶여 나올 만큼 왕성합니다
할 필요가 있다,할 필요가 있습니다
미한다,미합니다
의 활용되지 않았다,의 활용되지 않았습니다
라고 보게 된다,라고 보게 됩니다
유연하게 해석하는 것이 합리적이다,유연하게 해석하는 것이 합리적입니다
에게도 적용되는가,에게도 적용되는가
되는 경우라면 어떻게 처리해야 하는가,되는 경우라면 어떻게 처리해야 하는가
로  전부 인용률은 78이다,로  전부 인용률은 78입니다
조하기 바란다,조하기 바랍니다
 있어 기초자료로 활용할 수 있을 것이다, 있어 기초자료로 활용할 수 있을 것입니다
를 반복한다,를 반복합니다
는 명령이 가능하다는 해석이 존재한다,는 명령이 가능하다는 해석이 존재합니다
성방안을 보고토록 지시하였다,성방안을 보고토록 지시하였습니다
 가정사안 미시사에도 영향을 준다, 가정사안 미시사에도 영향을 줍니다
식적 자료를 전혀 제공하기 않고 있다,식적 자료를 전혀 제공하기 않고 있습니다
 있다, 있습니다
력한다,력합니다
여 결과를 통보한다,여 결과를 통보합니다
도록 하자 적극적으로 활동하였다,도록 하자 적극적으로 활동하였습니다
 모을 수 있는 단원을 찾는 것이 중요하다, 모을 수 있는 단원을 찾는 것이 중요합니다
수 있을 것이다,수 있을 것입니다
 따라 제각각인 것도 문제다, 따라 제각각인 것도 문제입니다
mm 이하로 늘어난다,mm 이하로 늘어났습니다
입구가 배치된 점이 일단 유사하다,입구가 배치된 점이 일단 유사합니다
들과 같다,들과 같습니다
습 능력이 높게 나타난다고 할 수 있다,습 능력이 높게 나타난다고 할 수 있습니다
가진 이들에게도 확대되었다,가진 이들에게도 확대되었습니다
 위쪽이 잘 보이지 않는다, 위쪽이 잘 보이지 않습니다
검사비 등을 반환 청구하는 방법도 있다,검사비 등을 반환 청구하는 방법도 있습니다
곤화 가구주의 평균 연령이 더 높았다,곤화 가구주의 평균 연령이 더 높았습니다
에 따른 비만율 변화도 그릴 수 있다,에 따른 비만율 변화도 그릴 수 있습니다
 퇴직연금 손금산입제도이다, 퇴직연금 손금산입제도입니다
임 미술관에 초청되었다,임 미술관에 초청되었습니다
게 이루어지게 된다,게 이루어지게 됩니다
는 어느 당사자가 주장 구체화가 용이하다,는 어느 당사자가 주장 구체화가 용이합니다
을 가지고 있어 해석에 유의를 요한다,을 가지고 있어 해석에 유의를 요합니다
니라 공연자의 심리적 격정까지도 받아들인다,니라 공연자의 심리적 격정까지도 받아들입니다
규제체계는 보완적인 관계를 갖게 된다,규제체계는 보완적인 관계를 갖게 됩니다
 구식이었다,르게 구식이었습니다
 기초적 훈련을 받았다, 기초적 훈련을 받았습니다
가진다는 것을 알 수 있다,가진다는 것을 알 수 있습니다
가정한다,가정합니다
가진다고 선언하여 노동권을 보장하고 있다,가진다고 선언하여 노동권을 보장하고 있습니다
스피너 물체를 가지고 있다,스피너 물체를 가지고 있습니다
로 선고되고 있다,로 선고되고 있습니다
화폐를 Green Dollar라고 불렀다,화폐를 Green Dollar라고 불렀습니다
빨라지게 된다,빨라지게 됩니다
 애착을 의미한다, 애착을 의미합니다
 평가기준과는 상당한 차이를 보이고 있다, 평가기준과는 상당한 차이를 보이고 있습니다
 방식으로 움직인다, 방식으로 움직입니다
INs Q를 사용하였다,INs Q를 사용하였습니다
있다,있습니다
대립하여 왔다,대립하여 왔습니다
의미는 다음과 같다,의미는 다음과 같습니다
해되거나 훼손되어서는 안될 것이다,해되거나 훼손되어서는 안될 것입니다
으로도 변화를 가져왔다,으로도 변화를 가져왔습니다
 2배 증가하였다, 2배 증가하였습니다
희담 등이 있다,희담 등이 있습니다
 정당하고 바람직한 것인지의 확신은 없다, 정당하고 바람직한 것인지의 확신은 없습니다
을 찾고자 한다,을 찾고자 합니다
가 실시되었다,가 실시되었습니다
다,니다
다,니다
 새로운 법질서가 생기는 것은 그 예이다, 새로운 법질서가 생기는 것은 그 예입니다
재하지 않는다,재하지 않습니다
한 학업 촉진 요인 중의 하나였다,한 학업 촉진 요인 중의 하나였습니다
연구들이 다양하게 진행되었다,연구들이 다양하게 진행되었습니다
tra 1959에 나와 있다,tra 1959에 나와 있습니다
,니다
결합한 유연 안정성이다,결합한 유연 안정성입니다
은 다음과 같다,은 다음과 같습니다
 이상을 차지한다고 볼 수 있다, 이상을 차지한다고 볼 수 있습니다
 있을지 문제이다, 수 있을지 문제입니다
정은 주로 두려움과 긴장감이었다,정은 주로 두려움과 긴장감이었습니다
다,습니다
여 동 변수들을 활용하였다,여 동 변수들을 활용하였습니다
기 어려웠다,기 어려웠습니다
확인하고자 하였다,확인하고자 하였습니다
의 오솔길도 마련돼 있다,의 오솔길도 마련돼 있습니다
족 척도는 3개의 문항으로 측정되었다,족 척도는 3개의 문항으로 측정되었습니다
말해 루터의 순수한 작품은 아니다,말해 루터의 순수한 작품은 아닙니다
탄력성이 달라진다,탄력성이 달라집니다
는 10단위로 낮아졌다,는 10단위로 낮아졌습니다
는 주장과 일맥상통한다,는 주장과 일맥상통합니다
 예약한 뒤 공연에 참석한다, 예약한 뒤 공연에 참석합니다
곱으로 표현된다,곱으로 표현됩니다
 항공사의 안전문화가 반영된다, 항공사의 안전문화가 반영됩니다
한계가 존재한다,한계가 존재합니다
되어 있다고 생각하게 되었다,되어 있다고 생각하게 되었습니다
는 명분으로 수시로 바뀌어서는 안 된다,는 명분으로 수시로 바뀌어서는 안 됩니다
하는 역할과 다르지 않다,하는 역할과 다르지 않습니다
과목은 60점을 만점으로 두고 있다,과목은 60점을 만점으로 두고 있습니다
높게 나타나고 있다,높게 나타나고 있습니다
민의 공동책임을 강조한 것이다,민의 공동책임을 강조한 것입니다
할 수 있다고 한다,할 수 있다고 합니다
짐에 따라 다르게 나타나는 것이 확인된다,짐에 따라 다르게 나타나는 것이 확인됩니다
 프로그램을 확정하였다, 프로그램을 확정하였습니다
인이었다,인이었습니다
이 된다는 점을 강조하고 있는 것이다,이 된다는 점을 강조하고 있는 것입니다
 순환을 겪으리라는 예상이 가능하다, 순환을 겪으리라는 예상이 가능합니다
강인함 정의감을 해석한다,강인함 정의감을 해석합니다
를 구성해 보고 놀이한다,를 구성해 보고 놀이합니다
역에서 활동하였다,역에서 활동하였습니다
다,습니다
필자는 결론을 유보한다,필자는 결론을 유보합니다
새로운 시각을 얻을 수 있는가,새로운 시각을 얻을 수 있는가
세스를 창조해 내는 것이다,세스를 창조해 내는 것입니다
 주택이 공급되어 왔다, 주택이 공급되어 왔습니다
되어 있는 느낌을 의미한다,되어 있는 느낌을 의미합니다
래량으로 가중산술평균하여 산정한다,래량으로 가중산술평균하여 산정합니다
 모든 사고에 대한 책임을 물을 수 없다, 모든 사고에 대한 책임을 물을 수 없습니다
상에 대한 합의를 할 수 있다,상에 대한 합의를 할 수 있습니다
 낮기 때문으로 판단된다, 낮기 때문으로 판단됩니다
배울 수 있다,배울 수 있습니다
덩이에 묻는 망예 절차가 이어진다,덩이에 묻는 망예 절차가 이어집니다
하고 있으며 그 유형은 150가지가 넘는다,하고 있으며 그 유형은 150가지가 넘는입니다
정은 단행하기 더욱 어려운 특성이 있다,정은 단행하기 더욱 어려운 특성이 있습니다
,니다
,
한 능력인 것이다,한 능력인 것입니다
쳐 임명할 수 있도록 하여야 한다,쳐 임명할 수 있도록 하여야 합니다
 347를 기록하였을 것으로 추정되었다, 347를 기록하였을 것으로 추정되었습니다
 사실이 아닌 것으로 밝혀지는 경우이다, 사실이 아닌 것으로 밝혀지는 경우입니다
 영향을 준다는 점을 보여주었다, 영향을 준다는 점을 보여주었습니다
을 요건으로 하지 않는다,을 요건으로 하지 않습니다
값에 의해 주로 결정된다,값에 의해 주로 결정됩니다
견해로 수용되었다,견해로 수용되었습니다
의미를 부여할 수 있다,의미를 부여할 수 있습니다
가피하다고 본다,가피하다고 봅니다
부를 검토하고 확인한다,부를 검토하고 확인합니다
현실적인 전손이 발생하여야 한다,현실적인 전손이 발생하여야 합니다
 X에 관한 개별주주통지를 하였다, X에 관한 개별주주통지를 하였습니다
태로 표현된다,태로 표현됩니다
기준에 명시하고 있다,기준에 명시하고 있습니다
 결과를 반영할 수 있는 보수약정을 한다, 결과를 반영할 수 있는 보수약정을 합니다
 뻗쳐야 하는 수동적 공동체 구조이다, 뻗쳐야 하는 수동적 공동체 구조입니다
착취가 일어나는 곳이다,착취가 일어나는 곳입니다
이한 거버넌스 구조로 이행하였다,이한 거버넌스 구조로 이행하였습니다
모하고 있다,모하고 있습니다
은 1이다,은 1입니다
제시하고 있다,제시하고 있습니다
학에 대한 지식이 있어야 한다,학에 대한 지식이 있어야 합니다
해 오해하고 있다,해 오해하고 있습니다
 있는 실효성이 강화될 필요가 있다, 있는 실효성이 강화될 필요가 있습니다
 만족도와 관련성이 있는지 조사하였다, 만족도와 관련성이 있는지 조사하였습니다
로 한전 및 한수원이 그 대상이 된다,로 한전 및 한수원이 그 대상이 됩니다
 된다, 됩니다
 현상을 체험이라고 할 수 있다, 현상을 체험이라고 할 수 있습니다
 지식이 무차별 법칙의 구현을 막는다, 지식이 무차별 법칙의 구현을 막는입니다
처하게 될 것이다,처하게 될 것입니다
속해서 진행한다,속해서 진행합니다
대하여 효율성을 측정하는 모형이다,대하여 효율성을 측정하는 모형입니다
기 때문일 것이다,기 때문일 것입니다
에 관한 경고문구를 표시하였다,에 관한 경고문구를 표시하였습니다
념 간 상관관계 제곱값을 비교한다,념 간 상관관계 제곱값을 비교합니다
는 구체적인 연구문제는 다음과 같다,는 구체적인 연구문제는 다음과 같습니다
는 것이다,는 것입니다
연결고리를 반영한 것으로 일반적으로 생각된다,연결고리를 반영한 것으로 일반적으로 생각됩니다
하다고 판시하였다,하다고 판시하였습니다
로 이해하는 것으로 보아야 할 것이다,로 이해하는 것으로 보아야 할 것입니다
로 거부감 없이 따라하는 편이다,로 거부감 없이 따라하는 편입니다
 의뢰인 간 ACP에 비하여 넓다, 의뢰인 간 ACP에 비하여 넓입니다
에 기부 채납된 공익 법인 재단이기 때문이다,에 기부 채납된 공익 법인 재단이기 때문입니다
 박힌 서역풍 목걸이를 구하여 착용케 하였다, 박힌 서역풍 목걸이를 구하여 착용케 하였습니다
 보는 것이 일반적인 해석이다, 보는 것이 일반적인 해석입니다
 구축하는 데 많은 관심과 노력을 기울여왔다, 구축하는 데 많은 관심과 노력을 기울여왔습니다
 것이다, 것입니다
누고 싶은 마음에 대해 의견을 공유한다,누고 싶은 마음에 대해 의견을 공유합니다
도구로서 실증이 불필요한 이론적 표준형이다,도구로서 실증이 불필요한 이론적 표준형입니다
 것을 통해 구성된다, 것을 통해 구성됩니다
양해지고 있다,양해지고 있습니다
적인 역할을 부여하는 방법도 의미가 있다,적인 역할을 부여하는 방법도 의미가 있습니다
 절을 사용한다, 절을 사용합니다
연주할 때 임시로 대기하던 장소였다,연주할 때 임시로 대기하던 장소였습니다
전화의 고객은 대기하거나 포기하게 된다,전화의 고객은 대기하거나 포기하게 됩니다
 2와 같다, 2와 같습니다
가장 명확하게 나타나는 지점은 블랙홀이다,가장 명확하게 나타나는 지점은 블랙홀입니다
 36 감소하는 것으로 전망되었다, 36 감소하는 것으로 전망되었습니다
 사회적인 개념으로 볼 수 있다, 사회적인 개념으로 볼 수 있습니다
 지향성과 평가 지향성에 따라 구분된다, 지향성과 평가 지향성에 따라 구분됩니다
상관계수가 있다,상관계수가 있습니다
서 수창되고 쓰여진 시들이다,서 수창되고 쓰여진 시들입니다
 민중과 국외자들도 그득 했다, 민중과 국외자들도 그득 했습니다
미쳤다,미쳤습니다
에서 많은 이론적인 비판을 가해왔다,에서 많은 이론적인 비판을 가해왔습니다
고 있다,고 있습니다
 범주화할 수 있다, 범주화할 수 있습니다
 제한을 시사한다, 제한을 시사합니다
,
비자에게 개별적으로 통지된다,비자에게 개별적으로 통지됩니다
 일본 정서화를 도모한 창가집이었다, 일본 정서화를 도모한 창가집이었습니다
적 손해라는 관점에서 설정된다,적 손해라는 관점에서 설정됩니다
의가 필요하다,의가 필요합니다
게 만들 필요가 있기 때문이다,게 만들 필요가 있기 때문입니다
도로 성장하고 있다,도로 성장하고 있습니다
적 자극으로 인한 영향을 최소화해야 한다,적 자극으로 인한 영향을 최소화해야 합니다
 일군의 지방자치단체들이 발생함을 뜻한다, 일군의 지방자치단체들이 발생함을 뜻합니다
정한다,정합니다
의하지 않았다,의하지 않았습니다
차적 단계 및 즉각적인 전략을 포함한다,차적 단계 및 즉각적인 전략을 포함합니다
알려져 있다,알려져 있습니다
사와 함께 나머지 3명의 안무가 어우러진다,사와 함께 나머지 3명의 안무가 어우러집니다
어를 통해 전달되는 가상을 소비한다,어를 통해 전달되는 가상을 소비합니다
 심리적 환경의 수정과 보완을 의미한다, 심리적 환경의 수정과 보완을 의미합니다
 위헌결정을 삼가야 한다는 지적이 있다, 위헌결정을 삼가야 한다는 지적이 있습니다
 위한 국제 공조가 반드시 필요한 실정이다, 위한 국제 공조가 반드시 필요한 실정입니다
드에 대한 여행소비자의 호의적인 반응이다,드에 대한 여행소비자의 호의적인 반응입니다
편향성을 보일 수 있다는 점이다,편향성을 보일 수 있다는 점입니다
 같이 그 의미를 서술하고 있다, 같이 그 의미를 서술하고 있습니다
른 기술이 훨씬 더 효과적이지 않겠는가,른 기술이 훨씬 더 효과적이지 않겠는가
적 문제를 완화해 주기를 기대한다,적 문제를 완화해 주기를 기대합니다
 하나는 균일성과 균질성이다, 하나는 균일성과 균질성입니다
현지국의 규범적 특성이 중요함을 확인하였다,현지국의 규범적 특성이 중요함을 확인하였습니다
음악은 다시금 그 상실과 단절을 겪었다,음악은 다시금 그 상실과 단절을 겪었습니다
 의무가 소멸되는 것은 아니다, 의무가 소멸되는 것은 아닙니다
승의 날을 부활했다,승의 날을 부활했습니다
와 같이Mapping 할 수 있다,와 같이Mapping 할 수 있습니다
개소는 그중 조합을 다룬 뒷부분에 속한다,개소는 그중 조합을 다룬 뒷부분에 속합니다
율성이 상승한 것으로 분석되었다,율성이 상승한 것으로 분석되었습니다
상의 활동이 아니다,상의 활동이 아닙니다
 차이가 있는가, 차이가 있는가
 사용자 YOU가 선정된다, 사용자 YOU가 선정됩니다
하는 것이 아니라 여러 법에 산재되어 있다,하는 것이 아니라 여러 법에 산재되어 있습니다
 주는 것이 조직이 할 일이라 여겼다, 주는 것이 조직이 할 일이라 여겼습니다
 이하에서 3천만 원 이하로 올라간다, 이하에서 3천만 원 이하로 올라갑니다
의 상관관계를 분석한 자료이다,의 상관관계를 분석한 자료입니다
명성에도 부정적인 영향을 줄 가능성이 있다,명성에도 부정적인 영향을 줄 가능성이 있습니다
보라고 말하고 싶다,보라고 말하고 싶습니다
정하는데 큰 도움이 될 것으로 기대된다,정하는데 큰 도움이 될 것으로 기대됩니다
 행동의 동기를 실증적으로 분석할 수 있다, 행동의 동기를 실증적으로 분석할 수 있습니다
이 넓다,이 넓입니다
 자유롭지 못하다, 자유롭지 못합니다
훼손하여서는 아니 된다,훼손하여서는 아니 됩니다
 있다, 있습니다
는 다를 수 있다,는 다를 수 있습니다
리나라와 거의 일치하고 있다,리나라와 거의 일치하고 있습니다
구분하여 각자의는 공동주관사무로 둔다,구분하여 각자의는 공동주관사무로 둡니다
이라고 말했다,이라고 말했습니다
장 국면으로의 진입이 불가피할 것으로 보인다,장 국면으로의 진입이 불가피할 것으로 보입니다
 성질에 관하여 보안처분이라는 입장에 있다, 성질에 관하여 보안처분이라는 입장에 있습니다
 경무국장에 임용되었다, 경무국장에 임용되었습니다
 노력을 시도하고 있다, 노력을 시도하고 있습니다
냐의 여부를 검토할 필요가 있다,냐의 여부를 검토할 필요가 있습니다
구는 다음과 같다,구는 다음과 같습니다
 높은 기획 상품을 선정한다, 높은 기획 상품을 선정합니다
 묻곤 했다, 묻곤 했습니다
대주의의 절충의 산물이라 볼 수 있다,대주의의 절충의 산물이라 볼 수 있습니다
 무엇일까를 묻는다면 어떤 대답이 나올까, 무엇일까를 묻는다면 어떤 대답이 나올까
뉘어 재학하고 있다,뉘어 재학하고 있습니다
 의해서 행해지는 보통 송금이 있다, 의해서 행해지는 보통 송금이 있습니다
제정 직후부터 의문이 제기되어 왔다,제정 직후부터 의문이 제기되어 왔습니다
 약정에 해당할 여지가 적다, 약정에 해당할 여지가 적습니다
는 세 원기둥에 의해 둘러싸인 입체이다,는 세 원기둥에 의해 둘러싸인 입체입니다
 넘어갈 것이다, 넘어갈 것입니다
은 신분으로 인식하고 있는 것으로 나타났다,은 신분으로 인식하고 있는 것으로 나타났습니다
히 증가한다,히 증가합니다
구된다,구됩니다
를 가진다,를 가집니다
되는가,되는가
공사를 떠나고자 하는 의도로 정의하였다,공사를 떠나고자 하는 의도로 정의하였습니다
 논문들이 다수 나와 있다, 논문들이 다수 나와 있습니다
과 나눗셈은 앞에서부터 차례로 계산한다,과 나눗셈은 앞에서부터 차례로 계산합니다
터 그룹의 웹사이트에서 찾아볼 수 있다,터 그룹의 웹사이트에서 찾아볼 수 있습니다
이 아니라 짐승이라는 논리로까지 확대된다,이 아니라 짐승이라는 논리로까지 확대됩니다
 및 교사 평가로 구성된다, 및 교사 평가로 구성됩니다
적등의 긍정적 측면이 강조되었다,적등의 긍정적 측면이 강조되었습니다
책 마련이 시급한 시점이다,책 마련이 시급한 시점입니다
의 구성원으로 인정받지 못하고 있다,의 구성원으로 인정받지 못하고 있습니다
7조 및 제439조와 대동소이하다,7조 및 제439조와 대동소이합니다
 벋어날 수 없다, 벋어날 수 없습니다
 신기한 신진 예술 학습이었다, 신기한 신진 예술 학습이었습니다
는 것은 아니다, 되는 것은 아닙니다
9년 12월에 해산을 하고 말았다,9년 12월에 해산을 하고 말았습니다
대한 함의를 이끌어내기는 하였다,대한 함의를 이끌어내기는 하였습니다
인간의 신체는 곧 우주이다,인간의 신체는 곧 우주입니다
내지 60다,내지 60입니다
결정에도 큰 영향력을 행사하였다,결정에도 큰 영향력을 행사하였습니다
고 해석할 수도 있다,고 해석할 수도 있습니다
 규범에 의해서 제약을 받기 시작하였다, 규범에 의해서 제약을 받기 시작하였습니다
의해 왜곡될 수 있다,의해 왜곡될 수 있습니다
수 역시 가파르게 증가하고 있다,수 역시 가파르게 증가하고 있습니다
 되었다, 되었습니다
선 카메라로 찍은 사진이다,선 카메라로 찍은 사진입니다
램의 인큐베이터이다,램의 인큐베이터입니다
결되어 교과의 목적이 어긋남을 보고하였다,결되어 교과의 목적이 어긋남을 보고하였습니다
다,니다
 응용을 가지고 있는 것으로 밝혀졌다, 응용을 가지고 있는 것으로 밝혀졌습니다
 청산의 대상이 된다, 청산의 대상이 됩니다
과 자족의 완성을 지향하고 있다,과 자족의 완성을 지향하고 있습니다
동 생산성 향상에 대한 관심이 높아지고 있다,동 생산성 향상에 대한 관심이 높아지고 있습니다
대한 비율이다,대한 비율입니다
이 높다는 연구 결과가 많이 있다,이 높다는 연구 결과가 많이 있습니다
는 7번째로 3만 달러를 달성하였다,는 7번째로 3만 달러를 달성하였습니다
가설을 설정하였다,가설을 설정하였습니다
결정자의 평가이다,결정자의 평가입니다
업자에 대한 내용이 주가 되고 있다,업자에 대한 내용이 주가 되고 있습니다
소비자 후생에 기여하는 결과를 얻다,소비자 후생에 기여하는 결과를 얻입니다
된 연도별 법인세율은 아래 표와 같다,된 연도별 법인세율은 아래 표와 같습니다
하지 않다,하지 않습니다
간접적으로 진단하려는 시도도 보인다,간접적으로 진단하려는 시도도 보입니다
할 타당성과 필요성이 자연스럽게 드러난다,할 타당성과 필요성이 자연스럽게 드러났습니다
 많았기 때문이다, 많았기 때문입니다
 구상은 달랐다, 구상은 달랐습니다
경험할 가능성이 높았다,경험할 가능성이 높았습니다
수 있다,수 있습니다
에 대한 필요성이 강화되어야 한다는 것이다,에 대한 필요성이 강화되어야 한다는 것입니다
반 지식을 갖출 것이 요구될 것이다,반 지식을 갖출 것이 요구될 것입니다
오필리아적인 태도에 대한 촉구이다,오필리아적인 태도에 대한 촉구입니다
세거래라고 규정한 것에 대해 부과되는 것이다,세거래라고 규정한 것에 대해 부과되는 것입니다
리가 위로 향하고 있다,리가 위로 향하고 있습니다
터도 자유로워지는 것으로 해석할 수 있다,터도 자유로워지는 것으로 해석할 수 있습니다
 촉진을 더 선호한다는 것이다, 촉진을 더 선호한다는 것입니다
 있는 것 같다, 있는 것 같습니다
필요한 성취기준에 대한 부연설명이다,필요한 성취기준에 대한 부연설명입니다
 법이다, 법입니다
 높다, 높습니다
,
는 읽기 활동을 할 수 있다,는 읽기 활동을 할 수 있습니다
 있다, 있습니다
기의 네 개 집단으로 나누었다,기의 네 개 집단으로 나누었습니다
수강생의 비 율은 그림 7에 표시되어 있다,수강생의 비 율은 그림 7에 표시되어 있습니다
 조세핀이 있었음을 알게 된다, 조세핀이 있었음을 알게 됩니다
어 줄 좋은 영양분이 될 것이다,어 줄 좋은 영양분이 될 것입니다
끼고 궁금한 점에 대해 작성되었다,끼고 궁금한 점에 대해 작성되었습니다
다,습니다
전 Veda 성전에서 찾을 수 있다,전 Veda 성전에서 찾을 수 있습니다
 청약자에게 도달하는 때에 효력이 발생한다, 청약자에게 도달하는 때에 효력이 발생합니다
료기술로 인해 질병의 공포에서 해방되었다,료기술로 인해 질병의 공포에서 해방되었습니다
 지식이다, 지식입니다
기업 주가 선정되었다,기업 주가 선정되었습니다
 금리에 파급된다, 금리에 파급됩니다
대 이익은 이에 해당한다 할 것이다,대 이익은 이에 해당한다 할 것입니다
을 비교한다,을 비교합니다
 갖게 된다, 갖게 됩니다
소가 크게 작용한다,소가 크게 작용합니다
와 가르칠 수 있는 경험을 동시에 제공한다,와 가르칠 수 있는 경험을 동시에 제공합니다
 의심할 만한 사정이 없다고 판단하였다, 의심할 만한 사정이 없다고 판단하였습니다
건비 비중이 높아지고 있는 상황이다,건비 비중이 높아지고 있는 상황입니다
 정부의 약속과 법률을 신뢰하여 투자하였다, 정부의 약속과 법률을 신뢰하여 투자하였습니다
 조리원들에 대한 환경적 불만이 커지고 있다, 조리원들에 대한 환경적 불만이 커지고 있습니다
게 지나친 부담이 되어서도 안 된다,게 지나친 부담이 되어서도 안 됩니다
루어지지 않고 있다는 데 있다,루어지지 않고 있다는 데 있습니다
나올 가능성이 더 큰가,나올 가능성이 더 큰가
세기 초 커피 금지령은 폐지되었다,세기 초 커피 금지령은 폐지되었습니다
적인 변화를 보이고 있다,적인 변화를 보이고 있습니다
니다,닙니다
있음을 시사한다,있음을 시사합니다
행성과 수많은 위성을 탐사하는 것이었다,행성과 수많은 위성을 탐사하는 것이었습니다
동결로 하향 조정되었다,동결로 하향 조정되었습니다
효과 및 지역적 특성을 통제한 모형이다,효과 및 지역적 특성을 통제한 모형입니다
 위하여 적합도를 평가하였다, 위하여 적합도를 평가하였습니다
여 산출할 수 있다,여 산출할 수 있습니다
제로서 기능함을 알 수 있다,제로서 기능함을 알 수 있습니다
식으로 이끌어가 전형화된 멜로디를 만들어낸다,식으로 이끌어가 전형화된 멜로디를 만들어냅니다
 일과 동일하다고 말할 수 있다, 일과 동일하다고 말할 수 있습니다
한다,합니다
당한 금전적 인센티브를 지급하였다,당한 금전적 인센티브를 지급하였습니다
필요성이 없다,필요성이 없습니다
문제점을 내재하고 있는 것임을 지적하고 있다,문제점을 내재하고 있는 것임을 지적하고 있습니다
준을 계산할 때 공제하지 아니한다,준을 계산할 때 공제하지 아니합니다
 평가를 받았다, 평가를 받았습니다
 등이 차별화되어 있는 특성을 가지고 있다, 등이 차별화되어 있는 특성을 가지고 있습니다
과 이전에 관한 규정을 가지고 있다,과 이전에 관한 규정을 가지고 있습니다
클 확률은 얼마인가,클 확률은 얼마인가
를 그대로 발언한 것으로도 볼 수 있다,를 그대로 발언한 것으로도 볼 수 있습니다
을 초과하는 수익률을 기대할 수 있다,을 초과하는 수익률을 기대할 수 있습니다
질이 사용자 만족도에 영향을 줄 수 있다,질이 사용자 만족도에 영향을 줄 수 있습니다
그는 소송을 제기하지 않을 것이다,그는 소송을 제기하지 않을 것입니다
 상호협력 방안이 구축되어야 한다, 상호협력 방안이 구축되어야 합니다
방의 생각과 감정을 이해하는 것이 핵심이다,방의 생각과 감정을 이해하는 것이 핵심입니다
것은 자아를 밝혀 갖는 것과 같다,것은 자아를 밝혀 갖는 것과 같습니다
 공간을 형성한다, 공간을 형성합니다
어 있지 않았다,어 있지 않았습니다
,
 효과의 강도 차이를 비교하였다, 효과의 강도 차이를 비교하였습니다
정하게 될 것이다,정하게 될 것입니다
로 규정하고 있는 것이 아니다,로 규정하고 있는 것이 아닙니다
 바로 보충성의 원칙이다, 바로 보충성의 원칙입니다
적 대상으로서 추론의 수단으로 기능하였다,적 대상으로서 추론의 수단으로 기능하였습니다
키는 것 이상의 일을 수행해야만 한다,키는 것 이상의 일을 수행해야만 합니다
수 있다,수 있습니다
에 대해 토론을 촉진하였다,에 대해 토론을 촉진하였습니다
사학적 질문이다,사학적 질문입니다
펴보기로 한다,펴보기로 합니다
멸한다,멸합니다
적할 컨테이너 총 중량을 계량하고 있다,적할 컨테이너 총 중량을 계량하고 있습니다
만들어내기도 한다,만들어내기도 합니다
모호함을 없애주지는 않는다,모호함을 없애주지는 않습니다
있다,있습니다
,니다
정하고 있다,정하고 있습니다
아래와 같은 규정을 두고 있다,아래와 같은 규정을 두고 있습니다
 책정하도록 하고 있다, 책정하도록 하고 있습니다
 그 뜻을 현실에서 펼치지는 못하였다, 그 뜻을 현실에서 펼치지는 못하였습니다
 증가하면서 의료이용의 변이가 관찰되었다, 증가하면서 의료이용의 변이가 관찰되었습니다
 포물선 위에 놓여질 것이다, 포물선 위에 놓여질 것입니다
대해 어떤 선택을 하고 변화하는가,대해 어떤 선택을 하고 변화하는가
 수 있다, 수 있습니다
 송신을 방송으로 보지 않다, 송신을 방송으로 보지 않습니다
유지된다,유지됩니다
에 시간의 의미를 약화시킨다,에 시간의 의미를 약화시킵니다
하고 있었다,하고 있었습니다
 어떠한 언동도 표시할 수 없다, 어떠한 언동도 표시할 수 없습니다
이 당면한 가장 큰 어려움으로 나타났다,이 당면한 가장 큰 어려움으로 나타났습니다
주민의 지위도 법적으로 불완전할 수밖에 없다,주민의 지위도 법적으로 불완전할 수밖에 없습니다
적에 대해서는 두 가지 견해가 존재한다,적에 대해서는 두 가지 견해가 존재합니다
고 해석은 표현에 의해 실제적으로 완성된다,고 해석은 표현에 의해 실제적으로 완성됩니다
예방이 필요하다,예방이 필요합니다
 신원조사의 90 담당하고 있다, 신원조사의 90 담당하고 있습니다
번 비밀편지이다,번 비밀편지입니다
크기가 증가하기 때문이다,크기가 증가하기 때문입니다
 발전시킬 수 있기를 희망한다, 발전시킬 수 있기를 희망합니다
 감각은 나를 소름 끼치고 전율하게 만든다, 감각은 나를 소름 끼치고 전율하게 만듭니다
대주택에 대하여는 우선분양제도가 폐지되었다,대주택에 대하여는 우선분양제도가 폐지되었습니다
 이러한 사항이 영향을 미쳐서는 아니 된다, 이러한 사항이 영향을 미쳐서는 아니 됩니다
면 자세 등이 측정 가능하다,면 자세 등이 측정 가능합니다
증한 결과를 나타낸다,증한 결과를 나타냅니다
이었다,이었습니다
 기원전 1세기경에 개착되었다, 기원전 1세기경에 개착되었습니다
 가산금을 징수하지 않는다, 가산금을 징수하지 않습니다
게재해야 한다,게재해야 합니다
용의 유사성이 매우 높다,용의 유사성이 매우 높습니다
대지사용권도 그에 따른다고 규정하고 있다,대지사용권도 그에 따른다고 규정하고 있습니다
,니다
소양교육 여가활동도 언급되었다,소양교육 여가활동도 언급되었습니다
한 연구는 다수 진행되었다,한 연구는 다수 진행되었습니다
적인 영향을 줄 수 있다,적인 영향을 줄 수 있습니다
에 이루어진 것을 말하며 계약서가 그 예이다,에 이루어진 것을 말하며 계약서가 그 예입니다
 있어서 관심을 기울여야 할 초점이 된다, 있어서 관심을 기울여야 할 초점이 됩니다
시민의회는 한계를 가지고 있다,시민의회는 한계를 가지고 있습니다
 교습 없이 읽기에는 너무 기호화되어 버렸다, 교습 없이 읽기에는 너무 기호화되어 버렸습니다
으로 바라보기 때문에 생긴다,으로 바라보기 때문에 생깁니다
본격화했다,본격화했습니다
 이해를 해야 하기 때문이다, 이해를 해야 하기 때문입니다
 영양분을 가져온다, 영양분을 가져옵니다
는지에 대한 고지는 들은 바 없다,는지에 대한 고지는 들은 바 없습니다
일부 제거할 수 있게 되었다,일부 제거할 수 있게 되었습니다
다,니다
 때문이다, 때문입니다
않는다,않습니다
인 속성이다,인 속성입니다
인 것이 아니라 보편성을 띠고 있다,인 것이 아니라 보편성을 띠고 있습니다
로 보아 모회사에 책임을 부과하는 것이다,로 보아 모회사에 책임을 부과하는 것입니다
 대기 중에 배출한다, 대기 중에 배출합니다
방법을 정하고 있다,방법을 정하고 있습니다
정책임을 명확히 하기 위한 취지를 담고 있다,정책임을 명확히 하기 위한 취지를 담고 있습니다
육면체 물의 무게이다,육면체 물의 무게입니다
는 데 따르는 문제도 제기된다,는 데 따르는 문제도 제기됩니다
되어야 한다,되어야 합니다
극 작업에 적용시켰다,극 작업에 적용시켰습니다
벽한 속임수가 될 수도 있다,벽한 속임수가 될 수도 있습니다
 코를 사로 잡는다, 코를 사로 잡는입니다
수는 없을 것이다,수는 없을 것입니다
이 필요하다,이 필요합니다
식의 발현 양상을 몇 가지 추출할 수 있다,식의 발현 양상을 몇 가지 추출할 수 있습니다
즉 플라세보를 투여한다,즉 플라세보를 투여합니다
고 햇볕이 잘 드는 호텔이었다,고 햇볕이 잘 드는 호텔이었습니다
 돕는 것이 목표이다, 돕는 것이 목표입니다
댓값이 나온다,댓값이 나옵니다
제를 하기 곤란한 영역이라고 할 수 있다,제를 하기 곤란한 영역이라고 할 수 있습니다
사안에 해당한다,사안에 해당합니다
으로 구분하여 분석을 수행하였다,으로 구분하여 분석을 수행하였습니다
비해 높은 상태를 유지하고 있다,비해 높은 상태를 유지하고 있습니다
 중국은 65로 내다봤다, 중국은 65로 내다봤습니다
씨로 세로로 적고 있다,씨로 세로로 적고 있습니다
만큼 작지는 않았다,만큼 작지는 않았습니다
다 많이 활동하던 때였다,다 많이 활동하던 때였습니다
 정하여 상대매매로 처분하는 것도 가능하다, 정하여 상대매매로 처분하는 것도 가능합니다
게 규율할 필요가 있다,게 규율할 필요가 있습니다
 얻고 누가 이익을 잃는지를 탐구하게 된다, 얻고 누가 이익을 잃는지를 탐구하게 됩니다
 지침을 윤회론은 제공해 주고 있다, 지침을 윤회론은 제공해 주고 있습니다
지를 밝히었다,지를 밝히었습니다
원의 역할이 얼마나 동등한지에 있다,원의 역할이 얼마나 동등한지에 있습니다
압력 차이와 연관시킨다,압력 차이와 연관시킵니다
다,습니다
1876년에 비로소 기독교로 개종하였다,1876년에 비로소 기독교로 개종하였습니다
 등에 따라 수준의 차이를 나타내게 된다, 등에 따라 수준의 차이를 나타내게 됩니다
 있게 되었다, 있게 되었습니다
등과는 차이가 있다,등과는 차이가 있습니다
 생명체에 적용된다, 생명체에 적용됩니다
거하는 주장을 금지하고 있지 않다,거하는 주장을 금지하고 있지 않습니다
내용은 2007년 한글을 사용하여 전사하였다,내용은 2007년 한글을 사용하여 전사하였습니다
타야를 즐기는 수밖에 없었다,타야를 즐기는 수밖에 없었습니다
한 것으로 나타났다,한 것으로 나타났습니다
관계를 소멸시킬 수 있다,관계를 소멸시킬 수 있습니다
 측면에서도 상당한 효과를 기대할 수 있다, 측면에서도 상당한 효과를 기대할 수 있습니다
소프트웨어 교육을 위한 시사점을 도출하였다,소프트웨어 교육을 위한 시사점을 도출하였습니다
기가 어려웠습니다,기가 어려웠습니다
다,니다
가의 교육을 받을 필요가 생기게 된다,가의 교육을 받을 필요가 생기게 됩니다
 돌아보자, 돌아봅시다
를 제시하고 있다,를 제시하고 있습니다
제사업은 예금자 보호법의 적용대상이 아니다,제사업은 예금자 보호법의 적용대상이 아닙니다
게 나타나 유효한 문항으로 볼 수 있다,게 나타나 유효한 문항으로 볼 수 있습니다
어떻게 달라질 것인지를 개별적으로 분석했다,어떻게 달라질 것인지를 개별적으로 분석했습니다
성을 기반으로 한다,성을 기반으로 합니다
배급시스템에 심각한 무리를 준다,배급시스템에 심각한 무리를 줍니다
 선행연구에 기초하여 설정하였다, 선행연구에 기초하여 설정하였습니다
이러한 권리를 행사할 수 있다,이러한 권리를 행사할 수 있습니다
1년 이내의 기간 동안 휴직이 가능하다,1년 이내의 기간 동안 휴직이 가능합니다
가지 측면에서 기존 연구와 차별성이 있다,가지 측면에서 기존 연구와 차별성이 있습니다
P에서도 해결 과정을 주도한다,P에서도 해결 과정을 주도합니다
 광범위한 지식이 필요하다, 광범위한 지식이 필요합니다
수의 중앙은 일반적으로 35 이다,수의 중앙은 일반적으로 35 입니다
무런 진화도 있을 수 없다,무런 진화도 있을 수 없습니다
압류와 가압류를 구별하지 않고 검토하였다,압류와 가압류를 구별하지 않고 검토하였습니다
서 법 교육이 이루어지고 있음을 알 수 있다,서 법 교육이 이루어지고 있음을 알 수 있습니다
있으면 기판력이 있다,있으면 기판력이 있습니다
 필요하다, 필요합니다
가장 큰 어려움이기도 하다,가장 큰 어려움이기도 합니다
 희극 이론들과 구별되는 지점이다, 희극 이론들과 구별되는 지점입니다
 보여주었다, 보여주었습니다
이다,입니다